{
  "config": {
    "gamma": 0.95,
    "delta": 0.001,
    "epsilon": 5.0,
    "stochastic_fraction": 0.4,
    "n_seeds": 50,
    "coverages": [
      0.2,
      0.4,
      0.6,
      0.8,
      1.0
    ]
  },
  "rows": [
    {
      "coverage": 0.2,
      "mle_normalized_value_transfer_mean": 0.08138570835247143,
      "mle_normalized_value_transfer_std": 0.0727478161131436,
      "mle_best_matching_transfer_mean": 0.5880000000000001,
      "mle_best_matching_transfer_std": 0.060067988690367544,
      "mle_epsilon_matching_transfer_mean": 0.8312,
      "mle_epsilon_matching_transfer_std": 0.05378111344389689,
      "mle_n_violations_transfer_mean": 4.22,
      "mle_n_violations_transfer_std": 1.344527836097422,
      "itl_normalized_value_transfer_mean": 0.07604121712192155,
      "itl_normalized_value_transfer_std": 0.08686762225352761,
      "itl_best_matching_transfer_mean": 0.5664,
      "itl_best_matching_transfer_std": 0.06968617700309096,
      "itl_epsilon_matching_transfer_mean": 0.82,
      "itl_epsilon_matching_transfer_std": 0.07548482750641661,
      "itl_n_violations_transfer_mean": 4.5,
      "itl_n_violations_transfer_std": 1.8871206876604152,
      "ps_normalized_value_transfer_mean": 0.08138570835247143,
      "ps_normalized_value_transfer_std": 0.0727478161131436,
      "ps_best_matching_transfer_mean": 0.5880000000000001,
      "ps_best_matching_transfer_std": 0.060067988690367544,
      "ps_epsilon_matching_transfer_mean": 0.8312,
      "ps_epsilon_matching_transfer_std": 0.05378111344389689,
      "ps_n_violations_transfer_mean": 4.22,
      "ps_n_violations_transfer_std": 1.344527836097422,
      "mce_normalized_value_transfer_mean": 0.08138570835247143,
      "mce_normalized_value_transfer_std": 0.0727478161131436,
      "mce_best_matching_transfer_mean": 0.5880000000000001,
      "mce_best_matching_transfer_std": 0.060067988690367544,
      "mce_epsilon_matching_transfer_mean": 0.8312,
      "mce_epsilon_matching_transfer_std": 0.05378111344389689,
      "mce_n_violations_transfer_mean": 4.22,
      "mce_n_violations_transfer_std": 1.344527836097422,
      "bitl_normalized_value_transfer_mean": -0.00919119178730814,
      "bitl_normalized_value_transfer_std": 0.12449181358251608,
      "bitl_best_matching_transfer_mean": 0.31679999999999997,
      "bitl_best_matching_transfer_std": 0.10312346473810816,
      "bitl_epsilon_matching_transfer_mean": 0.5064000000000001,
      "bitl_epsilon_matching_transfer_std": 0.08801113102144223,
      "bitl_n_violations_transfer_mean": 12.34,
      "bitl_n_violations_transfer_std": 2.2002782755360553
    },
    {
      "coverage": 0.4,
      "mle_normalized_value_transfer_mean": 0.17148688981614715,
      "mle_normalized_value_transfer_std": 0.19154226082927195,
      "mle_best_matching_transfer_mean": 0.5376000000000001,
      "mle_best_matching_transfer_std": 0.103540586540856,
      "mle_epsilon_matching_transfer_mean": 0.772,
      "mle_epsilon_matching_transfer_std": 0.10036667468714455,
      "mle_n_violations_transfer_mean": 5.7,
      "mle_n_violations_transfer_std": 2.509166867178614,
      "itl_normalized_value_transfer_mean": 0.2916935384644292,
      "itl_normalized_value_transfer_std": 0.21052321033991087,
      "itl_best_matching_transfer_mean": 0.6128000000000001,
      "itl_best_matching_transfer_std": 0.09404818565230164,
      "itl_epsilon_matching_transfer_mean": 0.8711999999999999,
      "itl_epsilon_matching_transfer_std": 0.08370599666422365,
      "itl_n_violations_transfer_mean": 3.22,
      "itl_n_violations_transfer_std": 2.092649916605591,
      "ps_normalized_value_transfer_mean": 0.17148688981614715,
      "ps_normalized_value_transfer_std": 0.19154226082927195,
      "ps_best_matching_transfer_mean": 0.5376000000000001,
      "ps_best_matching_transfer_std": 0.103540586540856,
      "ps_epsilon_matching_transfer_mean": 0.772,
      "ps_epsilon_matching_transfer_std": 0.10036667468714455,
      "ps_n_violations_transfer_mean": 5.7,
      "ps_n_violations_transfer_std": 2.509166867178614,
      "mce_normalized_value_transfer_mean": 0.17148688981614715,
      "mce_normalized_value_transfer_std": 0.19154226082927195,
      "mce_best_matching_transfer_mean": 0.5376000000000001,
      "mce_best_matching_transfer_std": 0.103540586540856,
      "mce_epsilon_matching_transfer_mean": 0.772,
      "mce_epsilon_matching_transfer_std": 0.10036667468714455,
      "mce_n_violations_transfer_mean": 5.7,
      "mce_n_violations_transfer_std": 2.509166867178614,
      "bitl_normalized_value_transfer_mean": 0.10139893186007125,
      "bitl_normalized_value_transfer_std": 0.18568866585050212,
      "bitl_best_matching_transfer_mean": 0.408,
      "bitl_best_matching_transfer_std": 0.09629885455058695,
      "bitl_epsilon_matching_transfer_mean": 0.6072000000000001,
      "bitl_epsilon_matching_transfer_std": 0.09378742790296075,
      "bitl_n_violations_transfer_mean": 9.82,
      "bitl_n_violations_transfer_std": 2.344685697574019
    },
    {
      "coverage": 0.6,
      "mle_normalized_value_transfer_mean": 0.18498888361958357,
      "mle_normalized_value_transfer_std": 0.256279604728845,
      "mle_best_matching_transfer_mean": 0.47119999999999995,
      "mle_best_matching_transfer_std": 0.1335945740068871,
      "mle_epsilon_matching_transfer_mean": 0.68,
      "mle_epsilon_matching_transfer_std": 0.13080597876868114,
      "mle_n_violations_transfer_mean": 8.0,
      "mle_n_violations_transfer_std": 3.270149469217028,
      "itl_normalized_value_transfer_mean": 0.510982341934675,
      "itl_normalized_value_transfer_std": 0.29985917896914743,
      "itl_best_matching_transfer_mean": 0.6624000000000001,
      "itl_best_matching_transfer_std": 0.08481817286984901,
      "itl_epsilon_matching_transfer_mean": 0.9072000000000001,
      "itl_epsilon_matching_transfer_std": 0.057959873522770135,
      "itl_n_violations_transfer_mean": 2.32,
      "itl_n_violations_transfer_std": 1.4489968380692535,
      "ps_normalized_value_transfer_mean": 0.18498888361958357,
      "ps_normalized_value_transfer_std": 0.256279604728845,
      "ps_best_matching_transfer_mean": 0.47119999999999995,
      "ps_best_matching_transfer_std": 0.1335945740068871,
      "ps_epsilon_matching_transfer_mean": 0.68,
      "ps_epsilon_matching_transfer_std": 0.13080597876868114,
      "ps_n_violations_transfer_mean": 8.0,
      "ps_n_violations_transfer_std": 3.270149469217028,
      "mce_normalized_value_transfer_mean": 0.18498888361958357,
      "mce_normalized_value_transfer_std": 0.256279604728845,
      "mce_best_matching_transfer_mean": 0.47119999999999995,
      "mce_best_matching_transfer_std": 0.1335945740068871,
      "mce_epsilon_matching_transfer_mean": 0.68,
      "mce_epsilon_matching_transfer_std": 0.13080597876868114,
      "mce_n_violations_transfer_mean": 8.0,
      "mce_n_violations_transfer_std": 3.270149469217028,
      "bitl_normalized_value_transfer_mean": 0.2770942525783487,
      "bitl_normalized_value_transfer_std": 0.22923538216870307,
      "bitl_best_matching_transfer_mean": 0.48800000000000004,
      "bitl_best_matching_transfer_std": 0.10536622236906157,
      "bitl_epsilon_matching_transfer_mean": 0.716,
      "bitl_epsilon_matching_transfer_std": 0.10101525445522107,
      "bitl_n_violations_transfer_mean": 7.1,
      "bitl_n_violations_transfer_std": 2.525381361380527
    },
    {
      "coverage": 0.8,
      "mle_normalized_value_transfer_mean": 0.20665082440321314,
      "mle_normalized_value_transfer_std": 0.16776168825237453,
      "mle_best_matching_transfer_mean": 0.5144000000000001,
      "mle_best_matching_transfer_std": 0.14635935646377307,
      "mle_epsilon_matching_transfer_mean": 0.6928,
      "mle_epsilon_matching_transfer_std": 0.11383912745087038,
      "mle_n_violations_transfer_mean": 7.68,
      "mle_n_violations_transfer_std": 2.8459781862717595,
      "itl_normalized_value_transfer_mean": 0.8542223580844847,