{
  "config": {
    "gamma": 0.95,
    "delta": 0.001,
    "epsilon": 5.0,
    "stochastic_fraction": 0.4,
    "K": 10,
    "n_seeds": 50,
    "coverages": [
      0.2,
      0.4,
      0.6,
      0.8,
      1.0
    ]
  },
  "rows": [
    {
      "coverage": 0.2,
      "mle_normalized_value_mean": 0.06372203676612644,
      "mle_normalized_value_std": 0.09009628963509804,
      "mle_best_matching_mean": 0.532,
      "mle_best_matching_std": 0.0622044030202207,
      "mle_epsilon_matching_mean": 0.8232,
      "mle_epsilon_matching_std": 0.05486309491519293,
      "mle_total_variation_mean": 78.55512069825436,
      "mle_total_variation_std": 1.249368685867801,
      "mle_n_violations_mean": 4.42,
      "mle_n_violations_std": 1.3715773728798235,
      "mle_mse_mean": 0.636300077113948,
      "mle_mse_std": 0.012312986590938236,
      "itl_normalized_value_mean": 0.08991879340295457,
      "itl_normalized_value_std": 0.09288493238681232,
      "itl_best_matching_mean": 0.5816000000000001,
      "itl_best_matching_std": 0.04137237567976674,
      "itl_epsilon_matching_mean": 0.8680000000000001,
      "itl_epsilon_matching_std": 0.02828427124746192,
      "itl_total_variation_mean": 79.58664984657422,
      "itl_total_variation_std": 1.5323985010864039,
      "itl_n_violations_mean": 3.3,
      "itl_n_violations_std": 0.7071067811865476,
      "itl_mse_mean": 0.6790779582782566,
      "itl_mse_std": 0.03476111144902282,
      "ps_normalized_value_mean": 0.06372203676612644,
      "ps_normalized_value_std": 0.09009628963509804,
      "ps_best_matching_mean": 0.532,
      "ps_best_matching_std": 0.0622044030202207,
      "ps_epsilon_matching_mean": 0.8232,
      "ps_epsilon_matching_std": 0.05486309491519293,
      "ps_total_variation_mean": 78.55512069825436,
      "ps_total_variation_std": 1.249368685867801,
      "ps_n_violations_mean": 4.42,
      "ps_n_violations_std": 1.3715773728798235,
      "ps_mse_mean": 0.636300077113948,
      "ps_mse_std": 0.012312986590938236,
      "mce_normalized_value_mean": 0.0633349072349305,
      "mce_normalized_value_std": 0.08799562128497783,
      "mce_best_matching_mean": 0.532,
      "mce_best_matching_std": 0.06060915267313265,
      "mce_epsilon_matching_mean": 0.8216000000000001,
      "mce_epsilon_matching_std": 0.053732519701474885,
      "mce_total_variation_mean": 78.56326779808819,
      "mce_total_variation_std": 1.2201061206050967,
      "mce_n_violations_mean": 4.46,
      "mce_n_violations_std": 1.3433129925368725,
      "mce_mse_mean": 0.6365337987341881,
      "mce_mse_std": 0.011832166559969498
    },
    {
      "coverage": 0.4,
      "mle_normalized_value_mean": 0.18384843556175634,
      "mle_normalized_value_std": 0.21387931570040644,
      "mle_best_matching_mean": 0.5088,
      "mle_best_matching_std": 0.12041831849254261,
      "mle_epsilon_matching_mean": 0.7752000000000001,
      "mle_epsilon_matching_std": 0.10057467527226945,
      "mle_total_variation_mean": 73.2220319201995,
      "mle_total_variation_std": 1.6372608939894053,
      "mle_n_violations_mean": 5.62,
      "mle_n_violations_std": 2.5143668818067364,
      "mle_mse_mean": 0.5856377454120306,
      "mle_mse_std": 0.01630530860516404,
      "itl_normalized_value_mean": 0.3071657584027498,
      "itl_normalized_value_std": 0.2131944560392563,
      "itl_best_matching_mean": 0.6576000000000001,
      "itl_best_matching_std": 0.06671780351692079,
      "itl_epsilon_matching_mean": 0.9072000000000001,
      "itl_epsilon_matching_std": 0.03563075946998833,
      "itl_total_variation_mean": 74.62891452899272,
      "itl_total_variation_std": 2.512900232360778,
      "itl_n_violations_mean": 2.32,
      "itl_n_violations_std": 0.8907689867497084,
      "itl_mse_mean": 0.6391054549015778,
      "itl_mse_std": 0.05043484916944296,
      "ps_normalized_value_mean": 0.18384843556175634,
      "ps_normalized_value_std": 0.21387931570040644,
      "ps_best_matching_mean": 0.5088,
      "ps_best_matching_std": 0.12041831849254261,
      "ps_epsilon_matching_mean": 0.7752000000000001,
      "ps_epsilon_matching_std": 0.10057467527226945,
      "ps_total_variation_mean": 73.2220319201995,
      "ps_total_variation_std": 1.6372608939894053,
      "ps_n_violations_mean": 5.62,
      "ps_n_violations_std": 2.5143668818067364,
      "ps_mse_mean": 0.5856377454120306,
      "ps_mse_std": 0.01630530860516404,
      "mce_normalized_value_mean": 0.18434699489676692,
      "mce_normalized_value_std": 0.21353225527680125,
      "mce_best_matching_mean": 0.5096,
      "mce_best_matching_std": 0.12116711347455257,
      "mce_epsilon_matching_mean": 0.7752000000000001,
      "mce_epsilon_matching_std": 0.10057467527226945,
      "mce_total_variation_mean": 73.21319198165537,
      "mce_total_variation_std": 1.638582550658223,
      "mce_n_violations_mean": 5.62,
      "mce_n_violations_std": 2.5143668818067364,
      "mce_mse_mean": 0.5857060508278699,
      "mce_mse_std": 0.016272147207504348
    },
    {
      "coverage": 0.6,
      "mle_normalized_value_mean": 0.22169137753779672,
      "mle_normalized_value_std": 0.2635257273757098,
      "mle_best_matching_mean": 0.4296,
      "mle_best_matching_std": 0.134937022347464,
      "mle_epsilon_matching_mean": 0.6824000000000001,
      "mle_epsilon_matching_std": 0.12736833938444442,
      "mle_total_variation_mean": 67.62107182044888,
      "mle_total_variation_std": 1.7141555719731287,
      "mle_n_violations_mean": 7.94,
      "mle_n_violations_std": 3.184208484611111,
      "mle_mse_mean": 0.5328554418193915,
      "mle_mse_std": 0.016755787586161114,
      "itl_normalized_value_mean": 0.5269054573448952,
      "itl_normalized_value_std": 0.293880131514613,
      "itl_best_matching_mean": 0.7088,
      "itl_best_matching_std": 0.07752919134238459,
      "itl_epsilon_matching_mean": 0.9328,
      "itl_epsilon_matching_std": 0.042332020977033445,
      "itl_total_variation_mean": 68.21799956074386,
      "itl_total_variation_std": 2.7995677355102973,
      "itl_n_violations_mean": 1.68,
      "itl_n_violations_std": 1.058300524425836,
      "itl_mse_mean": 0.5760961803809552,
      "itl_mse_std": 0.05180588739749224,
      "ps_normalized_value_mean": 0.22169137753779672,
      "ps_normalized_value_std": 0.2635257273757098,
      "ps_best_matching_mean": 0.4296,
      "ps_best_matching_std": 0.134937022347464,
      "ps_epsilon_matching_mean": 0.6824000000000001,
      "ps_epsilon_matching_std": 0.12736833938444442,
      "ps_total_variation_mean": 67.62107182044888,
      "ps_total_variation_std": 1.7141555719731287,
      "ps_n_violations_mean": 7.94,
      "ps_n_violations_std": 3.184208484611111,
      "ps_mse_mean": 0.5328554418193915,
      "ps_mse_std": 0.016755787586161114,
      "mce_normalized_value_mean": 0.22169137753779672,
      "mce_normalized_value_std": 0.2635257273757098,
      "mce_best_matching_mean": 0.4296,
      "mce_best_matching_std": 0.134937022347464,
      "mce_epsilon_matching_mean": 0.6824000000000001,
      "mce_epsilon_matching_std": 0.12736833938444442,
      "mce_total_variation_mean": 67.60356220767333,
      "mce_total_variation_std": 1.7191556843947526,
      "mce_n_violations_mean": 7.94,
      "mce_n_violations_std": 3.184208484611111,
      "mce_mse_mean": 0.5328943474005887,
      "mce_mse_std": 0.016753369440683133
    },
    {
      "coverage": 0.8,
      "mle_normalized_value_mean": 0.2359556328481459,
      "mle_normalized_value_std": 0.15201674134287502,
      "mle_best_matching_mean": 0.4648,
      "mle_best_matching_std": 0.11539179046241745,
      "mle_epsilon_matching_mean": 0.6944,
      "mle_epsilon_matching_std": 0.114787469983906,
      "mle_total_variation_mean": 62.26373266832917,
      "mle_total_variation_std": 1.3681054710263438,
      "mle_n_violations_mean": 7.64,
      "mle_n_violations_std": 2.86968674959765,
      "mle_mse_mean": 0.48191432578155585,
      "mle_mse_std": 0.013233718743382961,