{
  "config": {
    "gamma": 0.95,
    "delta": 0.001,
    "epsilon": 5.0,
    "stochastic_fraction": 0.2,
    "n_seeds": 50,
    "coverages": [
      0.2,
      0.4,
      0.6,
      0.8,
      1.0
    ]
  },
  "rows": [
    {
      "coverage": 0.2,
      "mle_normalized_value_transfer_mean": 0.08311195901096907,
      "mle_normalized_value_transfer_std": 0.07108620330808607,
      "mle_best_matching_transfer_mean": 0.5808000000000001,
      "mle_best_matching_transfer_std": 0.05670690848025269,
      "mle_epsilon_matching_transfer_mean": 0.8248000000000001,
      "mle_epsilon_matching_transfer_std": 0.04704491991486348,
      "mle_n_violations_transfer_mean": 4.38,
      "mle_n_violations_transfer_std": 1.176122997871587,
      "itl_normalized_value_transfer_mean": 0.07919684498612274,
      "itl_normalized_value_transfer_std": 0.0845037413416158,
      "itl_best_matching_transfer_mean": 0.5752,
      "itl_best_matching_transfer_std": 0.062015139692017204,
      "itl_epsilon_matching_transfer_mean": 0.8248000000000001,
      "itl_epsilon_matching_transfer_std": 0.06707412895826678,
      "itl_n_violations_transfer_mean": 4.38,
      "itl_n_violations_transfer_std": 1.6768532239566696,
      "ps_normalized_value_transfer_mean": 0.08311195901096907,
      "ps_normalized_value_transfer_std": 0.07108620330808607,
      "ps_best_matching_transfer_mean": 0.5808000000000001,
      "ps_best_matching_transfer_std": 0.05670690848025269,
      "ps_epsilon_matching_transfer_mean": 0.8248000000000001,
      "ps_epsilon_matching_transfer_std": 0.04704491991486348,
      "ps_n_violations_transfer_mean": 4.38,
      "ps_n_violations_transfer_std": 1.176122997871587,
      "mce_normalized_value_transfer_mean": 0.08311195901096907,
      "mce_normalized_value_transfer_std": 0.07108620330808607,
      "mce_best_matching_transfer_mean": 0.5808000000000001,
      "mce_best_matching_transfer_std": 0.05670690848025269,
      "mce_epsilon_matching_transfer_mean": 0.8248000000000001,
      "mce_epsilon_matching_transfer_std": 0.04704491991486348,
      "mce_n_violations_transfer_mean": 4.38,
      "mce_n_violations_transfer_std": 1.176122997871587,
      "bitl_normalized_value_transfer_mean": -0.007081614002863342,
      "bitl_normalized_value_transfer_std": 0.08394750342650178,
      "bitl_best_matching_transfer_mean": 0.3224,
      "bitl_best_matching_transfer_std": 0.08567999314011292,
      "bitl_epsilon_matching_transfer_mean": 0.5256000000000001,
      "bitl_epsilon_matching_transfer_std": 0.07918358931196874,
      "bitl_n_violations_transfer_mean": 11.86,
      "bitl_n_violations_transfer_std": 1.9795897327992185
    },
    {
      "coverage": 0.4,
      "mle_normalized_value_transfer_mean": 0.1672827973929098,
      "mle_normalized_value_transfer_std": 0.19293210777946587,
      "mle_best_matching_transfer_mean": 0.5472,
      "mle_best_matching_transfer_std": 0.10299673067924169,
      "mle_epsilon_matching_transfer_mean": 0.784,
      "mle_epsilon_matching_transfer_std": 0.09035079029052513,
      "mle_n_violations_transfer_mean": 5.4,
      "mle_n_violations_transfer_std": 2.258769757263128,
      "itl_normalized_value_transfer_mean": 0.257800262588344,
      "itl_normalized_value_transfer_std": 0.2266637958774429,
      "itl_best_matching_transfer_mean": 0.6072,
      "itl_best_matching_transfer_std": 0.08877947915125065,
      "itl_epsilon_matching_transfer_mean": 0.8527999999999999,
      "itl_epsilon_matching_transfer_std": 0.08337375890212333,
      "itl_n_violations_transfer_mean": 3.68,
      "itl_n_violations_transfer_std": 2.084343972553083,
      "ps_normalized_value_transfer_mean": 0.1672827973929098,
      "ps_normalized_value_transfer_std": 0.19293210777946587,
      "ps_best_matching_transfer_mean": 0.5472,
      "ps_best_matching_transfer_std": 0.10299673067924169,
      "ps_epsilon_matching_transfer_mean": 0.784,
      "ps_epsilon_matching_transfer_std": 0.09035079029052513,
      "ps_n_violations_transfer_mean": 5.4,
      "ps_n_violations_transfer_std": 2.258769757263128,
      "mce_normalized_value_transfer_mean": 0.1672827973929098,
      "mce_normalized_value_transfer_std": 0.19293210777946587,
      "mce_best_matching_transfer_mean": 0.5472,
      "mce_best_matching_transfer_std": 0.10299673067924169,
      "mce_epsilon_matching_transfer_mean": 0.784,
      "mce_epsilon_matching_transfer_std": 0.09035079029052513,
      "mce_n_violations_transfer_mean": 5.4,
      "mce_n_violations_transfer_std": 2.258769757263128,
      "bitl_normalized_value_transfer_mean": 0.08736459550104848,
      "bitl_normalized_value_transfer_std": 0.16706128673826248,
      "bitl_best_matching_transfer_mean": 0.40240000000000004,
      "bitl_best_matching_transfer_std": 0.08257488870654298,
      "bitl_epsilon_matching_transfer_mean": 0.6064,
      "bitl_epsilon_matching_transfer_std": 0.08412235986092775,
      "bitl_n_violations_transfer_mean": 9.84,
      "bitl_n_violations_transfer_std": 2.1030589965231936
    },
    {
      "coverage": 0.6,
      "mle_normalized_value_transfer_mean": 0.1809783610582618,
      "mle_normalized_value_transfer_std": 0.2621369495788946,
      "mle_best_matching_transfer_mean": 0.4671999999999999,
      "mle_best_matching_transfer_std": 0.11943814042321281,
      "mle_epsilon_matching_transfer_mean": 0.6919999999999998,
      "mle_epsilon_matching_transfer_std": 0.12047524938461725,
      "mle_n_violations_transfer_mean": 7.7,
      "mle_n_violations_transfer_std": 3.011881234615431,
      "itl_normalized_value_transfer_mean": 0.4999720996413354,
      "itl_normalized_value_transfer_std": 0.2993956066572556,
      "itl_best_matching_transfer_mean": 0.6384000000000001,
      "itl_best_matching_transfer_std": 0.071353102988745,
      "itl_epsilon_matching_transfer_mean": 0.8976000000000001,
      "itl_epsilon_matching_transfer_std": 0.05892090859268682,
      "itl_n_violations_transfer_mean": 2.56,
      "itl_n_violations_transfer_std": 1.4730227148171704,
      "ps_normalized_value_transfer_mean": 0.1809783610582618,
      "ps_normalized_value_transfer_std": 0.2621369495788946,
      "ps_best_matching_transfer_mean": 0.4671999999999999,
      "ps_best_matching_transfer_std": 0.11943814042321281,
      "ps_epsilon_matching_transfer_mean": 0.6919999999999998,
      "ps_epsilon_matching_transfer_std": 0.12047524938461725,
      "ps_n_violations_transfer_mean": 7.7,
      "ps_n_violations_transfer_std": 3.011881234615431,
      "mce_normalized_value_transfer_mean": 0.1809783610582618,
      "mce_normalized_value_transfer_std": 0.2621369495788946,
      "mce_best_matching_transfer_mean": 0.4671999999999999,
      "mce_best_matching_transfer_std": 0.11943814042321281,
      "mce_epsilon_matching_transfer_mean": 0.6919999999999998,
      "mce_epsilon_matching_transfer_std": 0.12047524938461725,
      "mce_n_violations_transfer_mean": 7.7,
      "mce_n_violations_transfer_std": 3.011881234615431,
      "bitl_normalized_value_transfer_mean": 0.28958434567727787,
      "bitl_normalized_value_transfer_std": 0.2616357652170139,
      "bitl_best_matching_transfer_mean": 0.49439999999999995,
      "bitl_best_matching_transfer_std": 0.08543191584471203,
      "bitl_epsilon_matching_transfer_mean": 0.7239999999999999,
      "bitl_epsilon_matching_transfer_std": 0.07761758689832071,
      "bitl_n_violations_transfer_mean": 6.9,
      "bitl_n_violations_transfer_std": 1.940439672458018
    },
    {
      "coverage": 0.8,
      "mle_normalized_value_transfer_mean": 0.18062444866443744,
      "mle_normalized_value_transfer_std": 0.17090768299925266,
      "mle_best_matching_transfer_mean": 0.488,
      "mle_best_matching_transfer_std": 0.12777531299998798,
      "mle_epsilon_matching_transfer_mean": 0.7016,
      "mle_epsilon_matching_transfer_std": 0.10727344422891759,
      "mle_n_violations_transfer_mean": 7.46,
      "mle_n_violations_transfer_std": 2.68183610572294,
      "itl_normalized_value_transfer_mean": 0.8097304480830766,