{
  "config": {
    "gamma": 0.95,
    "delta": 0.001,
    "epsilon": 5.0,
    "stochastic_fraction": 0.4,
    "K": 10,
    "n_seeds": 5,
    "coverages": [
      0.2,
      0.4,
      0.6,
      0.8,
      1.0
    ]
  },
  "rows": [
    {
      "coverage": 0.2,
      "mle_normalized_value_mean": 0.04196712336525025,
      "mle_normalized_value_std": 0.05007517120394428,
      "itl_normalized_value_mean": 0.01790431796792026,
      "itl_normalized_value_std": 0.06655472180532393,
      "mle_best_matching_mean": 0.528,
      "mle_best_matching_std": 0.10353743284435829,
      "itl_best_matching_mean": 0.384,
      "itl_best_matching_std": 0.19308029417835473,
      "mle_epsilon_matching_mean": 0.8,
      "mle_epsilon_matching_std": 0.0632455532033676,
      "itl_epsilon_matching_mean": 0.624,
      "itl_epsilon_matching_std": 0.3080259729308553,
      "mle_total_variation_mean": 78.25212468827928,
      "mle_total_variation_std": 1.191766100590704,
      "itl_total_variation_mean": 79.39857330165219,
      "itl_total_variation_std": 2.084991390291371,
      "mle_n_violations_mean": 5.0,
      "mle_n_violations_std": 1.5811388300841898,
      "itl_n_violations_mean": 9.4,
      "itl_n_violations_std": 7.700649323271382,
      "mle_mse_mean": 0.6337841425115511,
      "mle_mse_std": 0.01230941367531323,
      "itl_mse_mean": 0.6440623939268135,
      "itl_mse_std": 0.020047854508116133
    },
    {
      "coverage": 0.4,
      "mle_normalized_value_mean": 0.2316591390060676,
      "mle_normalized_value_std": 0.42609069273545697,
      "itl_normalized_value_mean": 0.263140042415703,
      "itl_normalized_value_std": 0.3243901632349428,
      "mle_best_matching_mean": 0.472,
      "mle_best_matching_std": 0.09549869109050657,
      "itl_best_matching_mean": 0.43200000000000005,
      "itl_best_matching_std": 0.11798304963002101,
      "mle_epsilon_matching_mean": 0.776,
      "mle_epsilon_matching_std": 0.0779743547584717,
      "itl_epsilon_matching_mean": 0.664,
      "itl_epsilon_matching_std": 0.23765521244020718,
      "mle_total_variation_mean": 72.59892768079801,
      "mle_total_variation_std": 1.5303435967926433,
      "itl_total_variation_mean": 72.77407683470733,
      "itl_total_variation_std": 2.2736907334489196,
      "mle_n_violations_mean": 5.6,
      "mle_n_violations_std": 1.9493588689617927,
      "itl_n_violations_mean": 8.4,
      "itl_n_violations_std": 5.941380311005179,
      "mle_mse_mean": 0.5790958258966048,
      "mle_mse_std": 0.016027946530986017,
      "itl_mse_mean": 0.5823394278188594,
      "itl_mse_std": 0.021792456987926832
    },
    {
      "coverage": 0.6,
      "mle_normalized_value_mean": 0.11767501260770785,
      "mle_normalized_value_std": 0.2503794980938196,
      "itl_normalized_value_mean": 0.014302313437212883,
      "itl_normalized_value_std": 0.056389806716989066,
      "mle_best_matching_mean": 0.4720000000000001,
      "mle_best_matching_std": 0.17753872816937719,
      "itl_best_matching_mean": 0.31199999999999994,
      "itl_best_matching_std": 0.09121403400793104,
      "mle_epsilon_matching_mean": 0.68,
      "mle_epsilon_matching_std": 0.17663521732655696,
      "itl_epsilon_matching_mean": 0.43999999999999995,
      "itl_epsilon_matching_std": 0.13564659966250536,
      "mle_total_variation_mean": 67.26608478802993,
      "mle_total_variation_std": 2.7936591004598763,
      "itl_total_variation_mean": 67.30134782295328,
      "itl_total_variation_std": 3.3541129732772497,
      "mle_n_violations_mean": 8.0,
      "mle_n_violations_std": 4.415880433163924,
      "itl_n_violations_mean": 14.0,
      "itl_n_violations_std": 3.391164991562634,
      "mle_mse_mean": 0.5304967251447439,
      "mle_mse_std": 0.027361100020074546,
      "itl_mse_mean": 0.5320316347549794,
      "itl_mse_std": 0.031227932417979377
    },
    {
      "coverage": 0.8,
      "mle_normalized_value_mean": 0.21591955838509178,
      "mle_normalized_value_std": 0.13734901427380777,
      "itl_normalized_value_mean": 0.06596533569769714,
      "itl_normalized_value_std": 0.0728028386046595,
      "mle_best_matching_mean": 0.488,
      "mle_best_matching_std": 0.08197560612767682,
      "itl_best_matching_mean": 0.44799999999999995,
      "itl_best_matching_std": 0.06572670690061994,
      "mle_epsilon_matching_mean": 0.72,
      "mle_epsilon_matching_std": 0.07483314773547885,
      "itl_epsilon_matching_mean": 0.616,
      "itl_epsilon_matching_std": 0.07797435475847168,
      "mle_total_variation_mean": 62.03027930174564,
      "mle_total_variation_std": 1.0542785623858741,
      "itl_total_variation_mean": 61.59221140306984,
      "itl_total_variation_std": 0.9328752951114189,
      "mle_n_violations_mean": 7.0,
      "mle_n_violations_std": 1.8708286933869707,
      "itl_n_violations_mean": 9.6,
      "itl_n_violations_std": 1.9493588689617927,
      "mle_mse_mean": 0.4787095347665746,
      "mle_mse_std": 0.008544033508368444,
      "itl_mse_mean": 0.4765082846937313,
      "itl_mse_std": 0.006936690190413709
    },
    {
      "coverage": 1.0,
      "mle_normalized_value_mean": 0.1416889479072952,
      "mle_normalized_value_std": 0.0017489975446601462,
      "itl_normalized_value_mean": 0.09729373064041302,
      "itl_normalized_value_std": 0.10479573343400704,
      "mle_best_matching_mean": 0.52,
      "mle_best_matching_std": 0.0632455532033676,
      "itl_best_matching_mean": 0.488,
      "itl_best_matching_std": 0.04381780460041331,
      "mle_epsilon_matching_mean": 0.712,
      "mle_epsilon_matching_std": 0.01788854381999828,
      "itl_epsilon_matching_mean": 0.6479999999999999,
      "itl_epsilon_matching_std": 0.08671793355471523,
      "mle_total_variation_mean": 57.104982543640894,
      "mle_total_variation_std": 0.4420231562725549,
      "itl_total_variation_mean": 57.10882987844438,
      "itl_total_variation_std": 0.4762188846629243,
      "mle_n_violations_mean": 7.2,
      "mle_n_violations_std": 0.44721359549995787,
      "itl_n_violations_mean": 8.8,
      "itl_n_violations_std": 2.16794833886788,
      "mle_mse_mean": 0.43286225769740216,
      "mle_mse_std": 0.0020411720312614357,
      "itl_mse_mean": 0.432649346996706,
      "itl_mse_std": 0.0022380792331776387
    }
  ]
}