{
  "config": {
    "gamma": 0.95,
    "delta": 0.001,
    "epsilon": 5.0,
    "stochastic_fraction": 0.0,
    "K": 10,
    "n_seeds": 50,
    "coverages": [
      0.2,
      0.4,
      0.6,
      0.8,
      1.0
    ]
  },
  "rows": [
    {
      "coverage": 0.2,
      "mle_normalized_value_mean": 0.06544310848027844,
      "mle_normalized_value_std": 0.09072603759155523,
      "mle_best_matching_mean": 0.5432,
      "mle_best_matching_std": 0.06316289274889303,
      "mle_epsilon_matching_mean": 0.8296000000000001,
      "mle_epsilon_matching_std": 0.045578369377392604,
      "mle_total_variation_mean": 80.11186583541148,
      "mle_total_variation_std": 0.2072273236980269,
      "mle_n_violations_mean": 4.26,
      "mle_n_violations_std": 1.1394592344348153,
      "mle_mse_mean": 0.6509728266615256,
      "mle_mse_std": 0.0019060128479657225,
      "itl_normalized_value_mean": 0.09607427690927656,
      "itl_normalized_value_std": 0.09486855971911921,
      "itl_best_matching_mean": 0.6096,
      "itl_best_matching_std": 0.03922514811824117,
      "itl_epsilon_matching_mean": 0.8680000000000001,
      "itl_epsilon_matching_std": 0.02828427124746192,
      "itl_total_variation_mean": 81.17884272800798,
      "itl_total_variation_std": 0.5603161858709612,
      "itl_n_violations_mean": 3.3,
      "itl_n_violations_std": 0.7071067811865476,
      "itl_mse_mean": 0.6979666216656228,
      "itl_mse_std": 0.03637469863928368,
      "ps_normalized_value_mean": 0.06544310848027844,
      "ps_normalized_value_std": 0.09072603759155523,
      "ps_best_matching_mean": 0.5432,
      "ps_best_matching_std": 0.06316289274889303,
      "ps_epsilon_matching_mean": 0.8296000000000001,
      "ps_epsilon_matching_std": 0.045578369377392604,
      "ps_total_variation_mean": 80.11186583541148,
      "ps_total_variation_std": 0.2072273236980269,
      "ps_n_violations_mean": 4.26,
      "ps_n_violations_std": 1.1394592344348153,
      "ps_mse_mean": 0.6509728266615256,
      "ps_mse_std": 0.0019060128479657225,
      "mce_normalized_value_mean": 0.06544310848027844,
      "mce_normalized_value_std": 0.09072603759155523,
      "mce_best_matching_mean": 0.5432,
      "mce_best_matching_std": 0.06316289274889303,
      "mce_epsilon_matching_mean": 0.8296000000000001,
      "mce_epsilon_matching_std": 0.045578369377392604,
      "mce_total_variation_mean": 80.11186583541148,
      "mce_total_variation_std": 0.2072273236980269,
      "mce_n_violations_mean": 4.26,
      "mce_n_violations_std": 1.1394592344348153,
      "mce_mse_mean": 0.6509728266615256,
      "mce_mse_std": 0.0019060128479657225,
      "bitl_normalized_value_mean": 0.03472082791094333,
      "bitl_normalized_value_std": 0.1576678850743627,
      "bitl_best_matching_mean": 0.38800000000000007,
      "bitl_best_matching_std": 0.08171628369185767,
      "bitl_epsilon_matching_mean": 0.5416000000000001,
      "bitl_epsilon_matching_std": 0.08406411547268003,
      "bitl_total_variation_mean": 87.84599251589525,
      "bitl_total_variation_std": 1.249089813620723,
      "bitl_n_violations_mean": 11.46,
      "bitl_n_violations_std": 2.1016028868170005,
      "bitl_mse_mean": 0.9501949624725193,
      "bitl_mse_std": 0.04259948462868473
    },
    {
      "coverage": 0.4,
      "mle_normalized_value_mean": 0.13184723141278173,
      "mle_normalized_value_std": 0.20595519640240417,
      "mle_best_matching_mean": 0.5152,
      "mle_best_matching_std": 0.12431428243096822,
      "mle_epsilon_matching_mean": 0.7928000000000001,
      "mle_epsilon_matching_std": 0.09203016364436262,
      "mle_total_variation_mean": 76.52072618453866,
      "mle_total_variation_std": 0.22301589724239512,
      "mle_n_violations_mean": 5.18,
      "mle_n_violations_std": 2.3007540911090656,
      "mle_mse_mean": 0.6172498523019132,
      "mle_mse_std": 0.0022377644957773213,
      "itl_normalized_value_mean": 0.3173002811782705,
      "itl_normalized_value_std": 0.22198637341514624,
      "itl_best_matching_mean": 0.7112,
      "itl_best_matching_std": 0.051927736287251794,
      "itl_epsilon_matching_mean": 0.9072000000000001,
      "itl_epsilon_matching_std": 0.03563075946998833,
      "itl_total_variation_mean": 78.07221984276704,
      "itl_total_variation_std": 1.543495946382687,
      "itl_n_violations_mean": 2.32,
      "itl_n_violations_std": 0.8907689867497084,
      "itl_mse_mean": 0.6923393386339353,
      "itl_mse_std": 0.07768885509557412,
      "ps_normalized_value_mean": 0.13184723141278173,
      "ps_normalized_value_std": 0.20595519640240417,
      "ps_best_matching_mean": 0.5152,
      "ps_best_matching_std": 0.12431428243096822,
      "ps_epsilon_matching_mean": 0.7928000000000001,
      "ps_epsilon_matching_std": 0.09203016364436262,
      "ps_total_variation_mean": 76.52072618453866,
      "ps_total_variation_std": 0.22301589724239512,
      "ps_n_violations_mean": 5.18,
      "ps_n_violations_std": 2.3007540911090656,
      "ps_mse_mean": 0.6172498523019132,
      "ps_mse_std": 0.0022377644957773213,
      "mce_normalized_value_mean": 0.13184723141278173,
      "mce_normalized_value_std": 0.20595519640240417,
      "mce_best_matching_mean": 0.5152,
      "mce_best_matching_std": 0.12431428243096822,
      "mce_epsilon_matching_mean": 0.7928000000000001,
      "mce_epsilon_matching_std": 0.09203016364436262,
      "mce_total_variation_mean": 76.52072618453866,
      "mce_total_variation_std": 0.22301589724239512,
      "mce_n_violations_mean": 5.18,
      "mce_n_violations_std": 2.3007540911090656,
      "mce_mse_mean": 0.6172498523019132,
      "mce_mse_std": 0.0022377644957773213,
      "bitl_normalized_value_mean": 0.15266226435531238,
      "bitl_normalized_value_std": 0.2139760506334634,
      "bitl_best_matching_mean": 0.5352,
      "bitl_best_matching_std": 0.07913408925129962,
      "bitl_epsilon_matching_mean": 0.6624,
      "bitl_epsilon_matching_std": 0.0970285041224737,
      "bitl_total_variation_mean": 83.03016890505212,
      "bitl_total_variation_std": 1.68806768556079,
      "bitl_n_violations_mean": 8.44,
      "bitl_n_violations_std": 2.425712603061843,
      "bitl_mse_mean": 0.8622013416614418,
      "bitl_mse_std": 0.08238147648861756
    },
    {
      "coverage": 0.6,
      "mle_normalized_value_mean": 0.20704228263033334,
      "mle_normalized_value_std": 0.33237815112312097,
      "mle_best_matching_mean": 0.4472,
      "mle_best_matching_std": 0.15559025204238291,
      "mle_epsilon_matching_mean": 0.7272,
      "mle_epsilon_matching_std": 0.1264110560909955,
      "mle_total_variation_mean": 73.02778154613465,
      "mle_total_variation_std": 0.2869809548814128,
      "mle_n_violations_mean": 6.82,
      "mle_n_violations_std": 3.160276402274888,
      "mle_mse_mean": 0.584202475730872,
      "mle_mse_std": 0.002173577025593668,
      "itl_normalized_value_mean": 0.6071644950867852,
      "itl_normalized_value_std": 0.3016060087132804,
      "itl_best_matching_mean": 0.8024000000000001,
      "itl_best_matching_std": 0.04671057215471041,
      "itl_epsilon_matching_mean": 0.9328,
      "itl_epsilon_matching_std": 0.042332020977033445,
      "itl_total_variation_mean": 73.70809789805709,
      "itl_total_variation_std": 1.7937848145386293,
      "itl_n_violations_mean": 1.68,
      "itl_n_violations_std": 1.058300524425836,
      "itl_mse_mean": 0.6429935347707044,
      "itl_mse_std": 0.07356756278480261,
      "ps_normalized_value_mean": 0.20704228263033334,
      "ps_normalized_value_std": 0.33237815112312097,
      "ps_best_matching_mean": 0.4472,
      "ps_best_matching_std": 0.15559025204238291,
      "ps_epsilon_matching_mean": 0.7272,
      "ps_epsilon_matching_std": 0.1264110560909955,
      "ps_total_variation_mean": 73.02778154613465,
      "ps_total_variation_std": 0.2869809548814128,
      "ps_n_violations_mean": 6.82,
      "ps_n_violations_std": 3.160276402274888,
      "ps_mse_mean": 0.584202475730872,
      "ps_mse_std": 0.002173577025593668,