{
  "config": {
    "gamma": 0.95,
    "delta": 0.001,
    "epsilon": 5.0,
    "stochastic_fraction": 0.0,
    "n_seeds": 50,
    "coverages": [
      0.2,
      0.4,
      0.6,
      0.8,
      1.0
    ]
  },
  "rows": [
    {
      "coverage": 0.2,
      "mle_normalized_value_transfer_mean": 0.08515457159323088,
      "mle_normalized_value_transfer_std": 0.08391972320911695,
      "mle_best_matching_transfer_mean": 0.5864,
      "mle_best_matching_transfer_std": 0.04614794310758849,
      "mle_epsilon_matching_transfer_mean": 0.8256,
      "mle_epsilon_matching_transfer_std": 0.0489964596805166,
      "mle_n_violations_transfer_mean": 4.36,
      "mle_n_violations_transfer_std": 1.2249114920129152,
      "itl_normalized_value_transfer_mean": 0.07515381598625287,
      "itl_normalized_value_transfer_std": 0.08552902196131586,
      "itl_best_matching_transfer_mean": 0.5680000000000001,
      "itl_best_matching_transfer_std": 0.05480950312357394,
      "itl_epsilon_matching_transfer_mean": 0.8168,
      "itl_epsilon_matching_transfer_std": 0.06569689210802182,
      "itl_n_violations_transfer_mean": 4.58,
      "itl_n_violations_transfer_std": 1.6424223027005458,
      "ps_normalized_value_transfer_mean": 0.08515457159323088,
      "ps_normalized_value_transfer_std": 0.08391972320911695,
      "ps_best_matching_transfer_mean": 0.5864,
      "ps_best_matching_transfer_std": 0.04614794310758849,
      "ps_epsilon_matching_transfer_mean": 0.8256,
      "ps_epsilon_matching_transfer_std": 0.0489964596805166,
      "ps_n_violations_transfer_mean": 4.36,
      "ps_n_violations_transfer_std": 1.2249114920129152,
      "mce_normalized_value_transfer_mean": 0.08515457159323088,
      "mce_normalized_value_transfer_std": 0.08391972320911695,
      "mce_best_matching_transfer_mean": 0.5864,
      "mce_best_matching_transfer_std": 0.04614794310758849,
      "mce_epsilon_matching_transfer_mean": 0.8256,
      "mce_epsilon_matching_transfer_std": 0.0489964596805166,
      "mce_n_violations_transfer_mean": 4.36,
      "mce_n_violations_transfer_std": 1.2249114920129152,
      "bitl_normalized_value_transfer_mean": 0.00023878035453069271,
      "bitl_normalized_value_transfer_std": 0.11362100051048356,
      "bitl_best_matching_transfer_mean": 0.32960000000000006,
      "bitl_best_matching_transfer_std": 0.07899780415444779,
      "bitl_epsilon_matching_transfer_mean": 0.528,
      "bitl_epsilon_matching_transfer_std": 0.07959079015533783,
      "bitl_n_violations_transfer_mean": 11.8,
      "bitl_n_violations_transfer_std": 1.9897697538834456
    },
    {
      "coverage": 0.4,
      "mle_normalized_value_transfer_mean": 0.1551495870029117,
      "mle_normalized_value_transfer_std": 0.1931827038744694,
      "mle_best_matching_transfer_mean": 0.5616,
      "mle_best_matching_transfer_std": 0.0928320845309818,
      "mle_epsilon_matching_transfer_mean": 0.7864000000000001,
      "mle_epsilon_matching_transfer_std": 0.0902097329469905,
      "mle_n_violations_transfer_mean": 5.34,
      "mle_n_violations_transfer_std": 2.2552433236747627,
      "itl_normalized_value_transfer_mean": 0.23421312522957138,
      "itl_normalized_value_transfer_std": 0.19423296014128624,
      "itl_best_matching_transfer_mean": 0.6024,
      "itl_best_matching_transfer_std": 0.08057345488840019,
      "itl_epsilon_matching_transfer_mean": 0.8480000000000001,
      "itl_epsilon_matching_transfer_std": 0.08741176309016202,
      "itl_n_violations_transfer_mean": 3.8,
      "itl_n_violations_transfer_std": 2.1852940772540506,
      "ps_normalized_value_transfer_mean": 0.1551495870029117,
      "ps_normalized_value_transfer_std": 0.1931827038744694,
      "ps_best_matching_transfer_mean": 0.5616,
      "ps_best_matching_transfer_std": 0.0928320845309818,
      "ps_epsilon_matching_transfer_mean": 0.7864000000000001,
      "ps_epsilon_matching_transfer_std": 0.0902097329469905,
      "ps_n_violations_transfer_mean": 5.34,
      "ps_n_violations_transfer_std": 2.2552433236747627,
      "mce_normalized_value_transfer_mean": 0.1551495870029117,
      "mce_normalized_value_transfer_std": 0.1931827038744694,
      "mce_best_matching_transfer_mean": 0.5616,
      "mce_best_matching_transfer_std": 0.0928320845309818,
      "mce_epsilon_matching_transfer_mean": 0.7864000000000001,
      "mce_epsilon_matching_transfer_std": 0.0902097329469905,
      "mce_n_violations_transfer_mean": 5.34,
      "mce_n_violations_transfer_std": 2.2552433236747627,
      "bitl_normalized_value_transfer_mean": 0.0824089798893526,
      "bitl_normalized_value_transfer_std": 0.1931511088221933,
      "bitl_best_matching_transfer_mean": 0.396,
      "bitl_best_matching_transfer_std": 0.09501879513323366,
      "bitl_epsilon_matching_transfer_mean": 0.6008000000000001,
      "bitl_epsilon_matching_transfer_std": 0.10613506989315308,
      "bitl_n_violations_transfer_mean": 9.98,
      "bitl_n_violations_transfer_std": 2.653376747328827
    },
    {
      "coverage": 0.6,
      "mle_normalized_value_transfer_mean": 0.23777846739044808,
      "mle_normalized_value_transfer_std": 0.3145557581787624,
      "mle_best_matching_transfer_mean": 0.52,
      "mle_best_matching_transfer_std": 0.11342533280730976,
      "mle_epsilon_matching_transfer_mean": 0.716,
      "mle_epsilon_matching_transfer_std": 0.12128563015309213,
      "mle_n_violations_transfer_mean": 7.1,
      "mle_n_violations_transfer_std": 3.0321407538273037,
      "itl_normalized_value_transfer_mean": 0.5126836806634586,
      "itl_normalized_value_transfer_std": 0.31676422533942306,
      "itl_best_matching_transfer_mean": 0.6272000000000001,
      "itl_best_matching_transfer_std": 0.07556697259344702,
      "itl_epsilon_matching_transfer_mean": 0.8744,
      "itl_epsilon_matching_transfer_std": 0.07273547263606552,
      "itl_n_violations_transfer_mean": 3.14,
      "itl_n_violations_transfer_std": 1.8183868159016379,
      "ps_normalized_value_transfer_mean": 0.23777846739044808,
      "ps_normalized_value_transfer_std": 0.3145557581787624,
      "ps_best_matching_transfer_mean": 0.52,
      "ps_best_matching_transfer_std": 0.11342533280730976,
      "ps_epsilon_matching_transfer_mean": 0.716,
      "ps_epsilon_matching_transfer_std": 0.12128563015309213,
      "ps_n_violations_transfer_mean": 7.1,
      "ps_n_violations_transfer_std": 3.0321407538273037,
      "mce_normalized_value_transfer_mean": 0.23777846739044808,
      "mce_normalized_value_transfer_std": 0.3145557581787624,
      "mce_best_matching_transfer_mean": 0.52,
      "mce_best_matching_transfer_std": 0.11342533280730976,
      "mce_epsilon_matching_transfer_mean": 0.716,
      "mce_epsilon_matching_transfer_std": 0.12128563015309213,
      "mce_n_violations_transfer_mean": 7.1,
      "mce_n_violations_transfer_std": 3.0321407538273037,
      "bitl_normalized_value_transfer_mean": 0.23977784897047996,
      "bitl_normalized_value_transfer_std": 0.27537956710267963,
      "bitl_best_matching_transfer_mean": 0.4799999999999999,
      "bitl_best_matching_transfer_std": 0.08590455073355947,
      "bitl_epsilon_matching_transfer_mean": 0.7008,
      "bitl_epsilon_matching_transfer_std": 0.09772598092083176,
      "bitl_n_violations_transfer_mean": 7.48,
      "bitl_n_violations_transfer_std": 2.4431495230207942
    },
    {
      "coverage": 0.8,
      "mle_normalized_value_transfer_mean": 0.3872830109561926,
      "mle_normalized_value_transfer_std": 0.25076781994286534,
      "mle_best_matching_transfer_mean": 0.5552,
      "mle_best_matching_transfer_std": 0.0958365956262246,
      "mle_epsilon_matching_transfer_mean": 0.7447999999999999,
      "mle_epsilon_matching_transfer_std": 0.10778360785596751,
      "mle_n_violations_transfer_mean": 6.38,
      "mle_n_violations_transfer_std": 2.694590196399188,
      "itl_normalized_value_transfer_mean": 0.8374432001515566,
      "itl_normalized_value_transfer_std": 0.23073571317512998,
      "itl_best_matching_transfer_mean": 0.6456000000000001,