{
  "config": {
    "gamma": 0.95,
    "delta": 0.001,
    "epsilon": 5.0,
    "stochastic_fraction": 0.4,
    "K": 10,
    "n_seeds": 5,
    "coverages": [
      0.2,
      0.4,
      0.6,
      0.8,
      1.0
    ]
  },
  "rows": [
    {
      "coverage": 0.2,
      "mle_normalized_value_mean": 0.04196712336525025,
      "mle_normalized_value_std": 0.05007517120394428,
      "itl_normalized_value_mean": 0.05974893113493157,
      "itl_normalized_value_std": 0.047831611351269364,
      "mle_best_matching_mean": 0.528,
      "mle_best_matching_std": 0.10353743284435829,
      "itl_best_matching_mean": 0.5920000000000001,
      "itl_best_matching_std": 0.04381780460041327,
      "mle_epsilon_matching_mean": 0.8,
      "mle_epsilon_matching_std": 0.0632455532033676,
      "itl_epsilon_matching_mean": 0.8640000000000001,
      "itl_epsilon_matching_std": 0.021908902300206663,
      "mle_total_variation_mean": 78.25212468827928,
      "mle_total_variation_std": 1.191766100590704,
      "itl_total_variation_mean": 79.04260900096668,
      "itl_total_variation_std": 1.5201085516619874,
      "mle_n_violations_mean": 5.0,
      "mle_n_violations_std": 1.5811388300841898,
      "itl_n_violations_mean": 3.4,
      "itl_n_violations_std": 0.5477225575051661,
      "mle_mse_mean": 0.6337841425115511,
      "mle_mse_std": 0.01230941367531323,
      "itl_mse_mean": 0.6642230906821953,
      "itl_mse_std": 0.022773559133843276
    },
    {
      "coverage": 0.4,
      "mle_normalized_value_mean": 0.2316591390060676,
      "mle_normalized_value_std": 0.42609069273545697,
      "itl_normalized_value_mean": 0.4156237453748865,
      "itl_normalized_value_std": 0.3336292380843219,
      "mle_best_matching_mean": 0.472,
      "mle_best_matching_std": 0.09549869109050657,
      "itl_best_matching_mean": 0.6479999999999999,
      "itl_best_matching_std": 0.07155417527999325,
      "mle_epsilon_matching_mean": 0.776,
      "mle_epsilon_matching_std": 0.0779743547584717,
      "itl_epsilon_matching_mean": 0.9280000000000002,
      "itl_epsilon_matching_std": 0.04381780460041328,
      "mle_total_variation_mean": 72.59892768079801,
      "mle_total_variation_std": 1.5303435967926433,
      "itl_total_variation_mean": 73.40968651603455,
      "itl_total_variation_std": 2.8070468519952008,
      "mle_n_violations_mean": 5.6,
      "mle_n_violations_std": 1.9493588689617927,
      "itl_n_violations_mean": 1.8,
      "itl_n_violations_std": 1.0954451150103324,
      "mle_mse_mean": 0.5790958258966048,
      "mle_mse_std": 0.016027946530986017,
      "itl_mse_mean": 0.6259728601089646,
      "itl_mse_std": 0.073039697099437
    },
    {
      "coverage": 0.6,
      "mle_normalized_value_mean": 0.11767501260770785,
      "mle_normalized_value_std": 0.2503794980938196,
      "itl_normalized_value_mean": 0.49374611454398176,
      "itl_normalized_value_std": 0.35152588620472275,
      "mle_best_matching_mean": 0.4720000000000001,
      "mle_best_matching_std": 0.17753872816937719,
      "itl_best_matching_mean": 0.712,
      "itl_best_matching_std": 0.09549869109050657,
      "mle_epsilon_matching_mean": 0.68,
      "mle_epsilon_matching_std": 0.17663521732655696,
      "itl_epsilon_matching_mean": 0.9359999999999999,
      "itl_epsilon_matching_std": 0.04560701700396551,
      "mle_total_variation_mean": 67.26608478802993,
      "mle_total_variation_std": 2.7936591004598763,
      "itl_total_variation_mean": 67.90142922867815,
      "itl_total_variation_std": 3.7781904689998607,
      "mle_n_violations_mean": 8.0,
      "mle_n_violations_std": 4.415880433163924,
      "itl_n_violations_mean": 1.6,
      "itl_n_violations_std": 1.140175425099138,
      "mle_mse_mean": 0.5304967251447439,
      "mle_mse_std": 0.027361100020074546,
      "itl_mse_mean": 0.5681142071771729,
      "itl_mse_std": 0.04402928633943751
    },
    {
      "coverage": 0.8,
      "mle_normalized_value_mean": 0.21591955838509178,
      "mle_normalized_value_std": 0.13734901427380777,
      "itl_normalized_value_mean": 0.9676922806489678,
      "itl_normalized_value_std": 0.02629116129769556,
      "mle_best_matching_mean": 0.488,
      "mle_best_matching_std": 0.08197560612767682,
      "itl_best_matching_mean": 0.752,
      "itl_best_matching_std": 0.07155417527999325,
      "mle_epsilon_matching_mean": 0.72,
      "mle_epsilon_matching_std": 0.07483314773547885,
      "itl_epsilon_matching_mean": 0.976,
      "itl_epsilon_matching_std": 0.035777087639996624,
      "mle_total_variation_mean": 62.03027930174564,
      "mle_total_variation_std": 1.0542785623858741,
      "itl_total_variation_mean": 60.69273096361722,
      "itl_total_variation_std": 1.1925015351013404,
      "mle_n_violations_mean": 7.0,
      "mle_n_violations_std": 1.8708286933869707,
      "itl_n_violations_mean": 0.6,
      "itl_n_violations_std": 0.8944271909999159,
      "mle_mse_mean": 0.4787095347665746,
      "mle_mse_std": 0.008544033508368444,
      "itl_mse_mean": 0.4749722216882789,
      "itl_mse_std": 0.01475224276183272
    },
    {
      "coverage": 1.0,
      "mle_normalized_value_mean": 0.1416889479072952,
      "mle_normalized_value_std": 0.0017489975446601462,
      "itl_normalized_value_mean": 0.9979608381331685,
      "itl_normalized_value_std": 0.0013696278149592123,
      "mle_best_matching_mean": 0.52,
      "mle_best_matching_std": 0.0632455532033676,
      "itl_best_matching_mean": 0.8160000000000001,
      "itl_best_matching_std": 0.0829457654133109,
      "mle_epsilon_matching_mean": 0.712,
      "mle_epsilon_matching_std": 0.01788854381999828,
      "itl_epsilon_matching_mean": 1.0,
      "itl_epsilon_matching_std": 0.0,
      "mle_total_variation_mean": 57.104982543640894,
      "mle_total_variation_std": 0.4420231562725549,
      "itl_total_variation_mean": 53.67100352940632,
      "itl_total_variation_std": 0.5036841824044432,
      "mle_n_violations_mean": 7.2,
      "mle_n_violations_std": 0.44721359549995787,
      "itl_n_violations_mean": 0.0,
      "itl_n_violations_std": 0.0,
      "mle_mse_mean": 0.43286225769740216,
      "mle_mse_std": 0.0020411720312614357,
      "itl_mse_mean": 0.40289179951923837,
      "itl_mse_std": 0.002150693878789056
    }
  ]
}