{
  "config": {
    "gamma": 0.95,
    "delta": 0.001,
    "epsilon": 5.0,
    "stochastic_fraction": 0.2,
    "K": 10,
    "n_seeds": 50,
    "coverages": [
      0.2,
      0.4,
      0.6,
      0.8,
      1.0
    ]
  },
  "rows": [
    {
      "coverage": 0.2,
      "mle_normalized_value_mean": 0.06635129066999919,
      "mle_normalized_value_std": 0.09344087958367125,
      "mle_best_matching_mean": 0.5296,
      "mle_best_matching_std": 0.06391831521878659,
      "mle_epsilon_matching_mean": 0.8232000000000003,
      "mle_epsilon_matching_std": 0.047870573808287416,
      "mle_total_variation_mean": 79.29866783042394,
      "mle_total_variation_std": 1.1522873588589186,
      "mle_n_violations_mean": 4.42,
      "mle_n_violations_std": 1.1967643452071854,
      "mle_mse_mean": 0.6431342535183237,
      "mle_mse_std": 0.011466663597128435,
      "itl_normalized_value_mean": 0.09193786573636499,
      "itl_normalized_value_std": 0.09044322436533901,
      "itl_best_matching_mean": 0.5920000000000001,
      "itl_best_matching_std": 0.04426266681379904,
      "itl_epsilon_matching_mean": 0.8680000000000001,
      "itl_epsilon_matching_std": 0.02828427124746192,
      "itl_total_variation_mean": 80.33196228409531,
      "itl_total_variation_std": 1.4832775471883881,
      "itl_n_violations_mean": 3.3,
      "itl_n_violations_std": 0.7071067811865476,
      "itl_mse_mean": 0.6887793511484879,
      "itl_mse_std": 0.04287895939855498,
      "ps_normalized_value_mean": 0.06635129066999919,
      "ps_normalized_value_std": 0.09344087958367125,
      "ps_best_matching_mean": 0.5296,
      "ps_best_matching_std": 0.06391831521878659,
      "ps_epsilon_matching_mean": 0.8232000000000003,
      "ps_epsilon_matching_std": 0.047870573808287416,
      "ps_total_variation_mean": 79.29866783042394,
      "ps_total_variation_std": 1.1522873588589186,
      "ps_n_violations_mean": 4.42,
      "ps_n_violations_std": 1.1967643452071854,
      "ps_mse_mean": 0.6431342535183237,
      "ps_mse_std": 0.011466663597128435,
      "mce_normalized_value_mean": 0.06635129066999919,
      "mce_normalized_value_std": 0.09344087958367125,
      "mce_best_matching_mean": 0.5296,
      "mce_best_matching_std": 0.06391831521878659,
      "mce_epsilon_matching_mean": 0.8232000000000003,
      "mce_epsilon_matching_std": 0.047870573808287416,
      "mce_total_variation_mean": 79.29866783042394,
      "mce_total_variation_std": 1.1522873588589186,
      "mce_n_violations_mean": 4.42,
      "mce_n_violations_std": 1.1967643452071854,
      "mce_mse_mean": 0.6431342535183237,
      "mce_mse_std": 0.011466663597128435,
      "bitl_normalized_value_mean": 0.021988366343216447,
      "bitl_normalized_value_std": 0.10268661877498957,
      "bitl_best_matching_mean": 0.37440000000000007,
      "bitl_best_matching_std": 0.08843676398698562,
      "bitl_epsilon_matching_mean": 0.5432,
      "bitl_epsilon_matching_std": 0.08125143640802511,
      "bitl_total_variation_mean": 87.0315483047065,
      "bitl_total_variation_std": 1.887446115499411,
      "bitl_n_violations_mean": 11.42,
      "bitl_n_violations_std": 2.0312859102006273,
      "bitl_mse_mean": 0.9335808155220064,
      "bitl_mse_std": 0.057449093231719504
    },
    {
      "coverage": 0.4,
      "mle_normalized_value_mean": 0.17300961042512408,
      "mle_normalized_value_std": 0.22971949952885473,
      "mle_best_matching_mean": 0.5168,
      "mle_best_matching_std": 0.1219809285862979,
      "mle_epsilon_matching_mean": 0.7792,
      "mle_epsilon_matching_std": 0.08637459944087397,
      "mle_total_variation_mean": 74.36139052369077,
      "mle_total_variation_std": 1.6703114703444568,
      "mle_n_violations_mean": 5.52,
      "mle_n_violations_std": 2.1593649860218496,
      "mle_mse_mean": 0.5963178779982709,
      "mle_mse_std": 0.016762906940613203,
      "itl_normalized_value_mean": 0.310596343324256,
      "itl_normalized_value_std": 0.21666678146215326,
      "itl_best_matching_mean": 0.6744,
      "itl_best_matching_std": 0.06047971493292067,
      "itl_epsilon_matching_mean": 0.9072000000000001,
      "itl_epsilon_matching_std": 0.03563075946998833,
      "itl_total_variation_mean": 75.94832739748996,
      "itl_total_variation_std": 2.7898421919374035,
      "itl_n_violations_mean": 2.32,
      "itl_n_violations_std": 0.8907689867497084,
      "itl_mse_mean": 0.6687035997549744,
      "itl_mse_std": 0.07984219043569825,
      "ps_normalized_value_mean": 0.17300961042512408,
      "ps_normalized_value_std": 0.22971949952885473,
      "ps_best_matching_mean": 0.5168,
      "ps_best_matching_std": 0.1219809285862979,
      "ps_epsilon_matching_mean": 0.7792,
      "ps_epsilon_matching_std": 0.08637459944087397,
      "ps_total_variation_mean": 74.36139052369077,
      "ps_total_variation_std": 1.6703114703444568,
      "ps_n_violations_mean": 5.52,
      "ps_n_violations_std": 2.1593649860218496,
      "ps_mse_mean": 0.5963178779982709,
      "ps_mse_std": 0.016762906940613203,
      "mce_normalized_value_mean": 0.17300961042512408,
      "mce_normalized_value_std": 0.22971949952885473,
      "mce_best_matching_mean": 0.5168,
      "mce_best_matching_std": 0.1219809285862979,
      "mce_epsilon_matching_mean": 0.7792,
      "mce_epsilon_matching_std": 0.08637459944087397,
      "mce_total_variation_mean": 74.36139052369077,
      "mce_total_variation_std": 1.6703114703444568,
      "mce_n_violations_mean": 5.52,
      "mce_n_violations_std": 2.1593649860218496,
      "mce_mse_mean": 0.5963178779982709,
      "mce_mse_std": 0.016762906940613203,
      "bitl_normalized_value_mean": 0.21174274609580046,
      "bitl_normalized_value_std": 0.27440735407743894,
      "bitl_best_matching_mean": 0.49119999999999997,
      "bitl_best_matching_std": 0.09563194752672928,
      "bitl_epsilon_matching_mean": 0.6544,
      "bitl_epsilon_matching_std": 0.08732206397665401,
      "bitl_total_variation_mean": 80.83930663158692,
      "bitl_total_variation_std": 2.6920313508031137,
      "bitl_n_violations_mean": 8.64,
      "bitl_n_violations_std": 2.1830515994163506,
      "bitl_mse_mean": 0.8237746408224734,
      "bitl_mse_std": 0.0928232276032566
    },
    {
      "coverage": 0.6,
      "mle_normalized_value_mean": 0.2355473480728952,
      "mle_normalized_value_std": 0.26866845306912973,
      "mle_best_matching_mean": 0.4432000000000001,
      "mle_best_matching_std": 0.12875288782178435,
      "mle_epsilon_matching_mean": 0.7031999999999999,
      "mle_epsilon_matching_std": 0.1223150832556506,
      "mle_total_variation_mean": 69.63091820448878,
      "mle_total_variation_std": 1.596051176982696,
      "mle_n_violations_mean": 7.42,
      "mle_n_violations_std": 3.057877081391265,
      "mle_mse_mean": 0.5514067194855751,
      "mle_mse_std": 0.015645242645409955,
      "itl_normalized_value_mean": 0.5400556702500223,
      "itl_normalized_value_std": 0.2987704412041857,
      "itl_best_matching_mean": 0.7328,
      "itl_best_matching_std": 0.05962604553483694,
      "itl_epsilon_matching_mean": 0.932,
      "itl_epsilon_matching_std": 0.042185208743523994,
      "itl_total_variation_mean": 70.23558102404641,
      "itl_total_variation_std": 3.0270241097310073,
      "itl_n_violations_mean": 1.7,
      "itl_n_violations_std": 1.0546302185881,
      "itl_mse_mean": 0.6013636907500455,
      "itl_mse_std": 0.07187581643867416,
      "ps_normalized_value_mean": 0.2355473480728952,
      "ps_normalized_value_std": 0.26866845306912973,
      "ps_best_matching_mean": 0.4432000000000001,
      "ps_best_matching_std": 0.12875288782178435,
      "ps_epsilon_matching_mean": 0.7031999999999999,
      "ps_epsilon_matching_std": 0.1223150832556506,
      "ps_total_variation_mean": 69.63091820448878,
      "ps_total_variation_std": 1.596051176982696,
      "ps_n_violations_mean": 7.42,
      "ps_n_violations_std": 3.057877081391265,
      "ps_mse_mean": 0.5514067194855751,
      "ps_mse_std": 0.015645242645409955,