{
  "config": {
    "gamma": 0.95,
    "delta": 0.001,
    "epsilon": 5.0,
    "stochastic_fraction": 0.2,
    "K": 5,
    "n_worlds": 20,
    "n_datasets_per_world": 5,
    "coverages": [
      0.2,
      0.4,
      0.6,
      0.8,
      1.0
    ]
  },
  "rows": [
    {
      "coverage": 0.2,
      "mle_normalized_value_mean": 0.7973847349442971,
      "mle_normalized_value_std": 0.04612892136501675,
      "mle_best_matching_mean": 0.3146666666666666,
      "mle_best_matching_std": 0.0971328593634806,
      "mle_epsilon_matching_mean": 0.8853333333333333,
      "mle_epsilon_matching_std": 0.07988768771662699,
      "mle_total_variation_mean": 49.787097385600575,
      "mle_total_variation_std": 0.8925315598531495,
      "mle_n_violations_mean": 1.72,
      "mle_n_violations_std": 1.1983153157494049,
      "mle_mse_mean": 0.19360468176557577,
      "mle_mse_std": 0.006389755446846323,
      "itl_normalized_value_mean": 0.8013815745069961,
      "itl_normalized_value_std": 0.0452292670860587,
      "itl_best_matching_mean": 0.33333333333333337,
      "itl_best_matching_std": 0.08632670957261211,
      "itl_epsilon_matching_mean": 0.8859999999999999,
      "itl_epsilon_matching_std": 0.07944532739496626,
      "itl_total_variation_mean": 49.84592185222902,
      "itl_total_variation_std": 0.9373134613990498,
      "itl_n_violations_mean": 1.71,
      "itl_n_violations_std": 1.191679910924494,
      "itl_mse_mean": 0.20169848341904184,
      "itl_mse_std": 0.014717137184554478,
      "ps_normalized_value_mean": 0.7973847349442971,
      "ps_normalized_value_std": 0.04612892136501675,
      "ps_best_matching_mean": 0.3146666666666666,
      "ps_best_matching_std": 0.0971328593634806,
      "ps_epsilon_matching_mean": 0.8853333333333333,
      "ps_epsilon_matching_std": 0.07988768771662699,
      "ps_total_variation_mean": 49.787097385600575,
      "ps_total_variation_std": 0.8925315598531495,
      "ps_n_violations_mean": 1.72,
      "ps_n_violations_std": 1.1983153157494049,
      "ps_mse_mean": 0.19360468176557577,
      "ps_mse_std": 0.006389755446846323,
      "mce_normalized_value_mean": 0.7973847349442971,
      "mce_normalized_value_std": 0.04612892136501675,
      "mce_best_matching_mean": 0.3146666666666666,
      "mce_best_matching_std": 0.0971328593634806,
      "mce_epsilon_matching_mean": 0.8853333333333333,
      "mce_epsilon_matching_std": 0.07988768771662699,
      "mce_total_variation_mean": 49.787097385600575,
      "mce_total_variation_std": 0.8925315598531495,
      "mce_n_violations_mean": 1.72,
      "mce_n_violations_std": 1.1983153157494049,
      "mce_mse_mean": 0.19360468176557577,
      "mce_mse_std": 0.006389755446846323,
      "bitl_normalized_value_mean": 0.8110318112919717,
      "bitl_normalized_value_std": 0.06003064994806619,
      "bitl_best_matching_mean": 0.34,
      "bitl_best_matching_std": 0.10699444587365949,
      "bitl_epsilon_matching_mean": 0.9013333333333332,
      "bitl_epsilon_matching_std": 0.08340670170922251,
      "bitl_total_variation_mean": 57.788543302731895,
      "bitl_total_variation_std": 2.364681851074857,
      "bitl_n_violations_mean": 1.48,
      "bitl_n_violations_std": 1.2511005256383378,
      "bitl_mse_mean": 0.48262233609926936,
      "bitl_mse_std": 0.06000092052117848
    },
    {
      "coverage": 0.4,
      "mle_normalized_value_mean": 0.842695032596875,
      "mle_normalized_value_std": 0.0474231859146607,
      "mle_best_matching_mean": 0.43133333333333335,
      "mle_best_matching_std": 0.10905367864514319,
      "mle_epsilon_matching_mean": 0.9113333333333332,
      "mle_epsilon_matching_std": 0.06836555863285942,
      "mle_total_variation_mean": 47.86321223089151,
      "mle_total_variation_std": 1.109968800622788,
      "mle_n_violations_mean": 1.33,
      "mle_n_violations_std": 1.0254833794928915,
      "mle_mse_mean": 0.18902795166698397,
      "mle_mse_std": 0.0076080181412030235,
      "itl_normalized_value_mean": 0.8534863409505641,
      "itl_normalized_value_std": 0.04309925864011511,
      "itl_best_matching_mean": 0.474,
      "itl_best_matching_std": 0.09279062996930783,
      "itl_epsilon_matching_mean": 0.9146666666666665,
      "itl_epsilon_matching_std": 0.06838197332699805,
      "itl_total_variation_mean": 47.92321294336733,
      "itl_total_variation_std": 1.2181780985195476,
      "itl_n_violations_mean": 1.28,
      "itl_n_violations_std": 1.0257295999049711,
      "itl_mse_mean": 0.20291860646355683,
      "itl_mse_std": 0.019788855493633982,
      "ps_normalized_value_mean": 0.842695032596875,
      "ps_normalized_value_std": 0.0474231859146607,
      "ps_best_matching_mean": 0.43133333333333335,
      "ps_best_matching_std": 0.10905367864514319,
      "ps_epsilon_matching_mean": 0.9113333333333332,
      "ps_epsilon_matching_std": 0.06836555863285942,
      "ps_total_variation_mean": 47.86321223089151,
      "ps_total_variation_std": 1.109968800622788,
      "ps_n_violations_mean": 1.33,
      "ps_n_violations_std": 1.0254833794928915,
      "ps_mse_mean": 0.18902795166698397,
      "ps_mse_std": 0.0076080181412030235,
      "mce_normalized_value_mean": 0.842695032596875,
      "mce_normalized_value_std": 0.0474231859146607,
      "mce_best_matching_mean": 0.43133333333333335,
      "mce_best_matching_std": 0.10905367864514319,
      "mce_epsilon_matching_mean": 0.9113333333333332,
      "mce_epsilon_matching_std": 0.06836555863285942,
      "mce_total_variation_mean": 47.86321223089151,
      "mce_total_variation_std": 1.109968800622788,
      "mce_n_violations_mean": 1.33,
      "mce_n_violations_std": 1.0254833794928915,
      "mce_mse_mean": 0.18902795166698397,
      "mce_mse_std": 0.0076080181412030235,
      "bitl_normalized_value_mean": 0.8560453241472328,
      "bitl_normalized_value_std": 0.05098135745145342,
      "bitl_best_matching_mean": 0.4626666666666667,
      "bitl_best_matching_std": 0.09467055523857824,
      "bitl_epsilon_matching_mean": 0.9160000000000003,
      "bitl_epsilon_matching_std": 0.06873557393794806,
      "bitl_total_variation_mean": 54.615099117288246,
      "bitl_total_variation_std": 1.9695468259537279,
      "bitl_n_violations_mean": 1.26,
      "bitl_n_violations_std": 1.031033609069221,
      "bitl_mse_mean": 0.4283363301017787,
      "bitl_mse_std": 0.05300184094225952
    },
    {
      "coverage": 0.6,
      "mle_normalized_value_mean": 0.8883660119933914,
      "mle_normalized_value_std": 0.04701464469403909,
      "mle_best_matching_mean": 0.5486666666666666,
      "mle_best_matching_std": 0.1128569906416981,
      "mle_epsilon_matching_mean": 0.9466666666666668,
      "mle_epsilon_matching_std": 0.054433105395181716,
      "mle_total_variation_mean": 46.13922328643016,
      "mle_total_variation_std": 1.199050466208836,
      "mle_n_violations_mean": 0.8,
      "mle_n_violations_std": 0.816496580927726,
      "mle_mse_mean": 0.1859237417946877,
      "mle_mse_std": 0.007867435194471554,
      "itl_normalized_value_mean": 0.9010577758896657,
      "itl_normalized_value_std": 0.04436931050702073,
      "itl_best_matching_mean": 0.6099999999999999,
      "itl_best_matching_std": 0.09493337494797256,
      "itl_epsilon_matching_mean": 0.95,
      "itl_epsilon_matching_std": 0.05474151072662313,
      "itl_total_variation_mean": 46.410556018117774,
      "itl_total_variation_std": 1.4876785266808352,
      "itl_n_violations_mean": 0.75,
      "itl_n_violations_std": 0.8211226608993472,
      "itl_mse_mean": 0.21121784478013095,
      "itl_mse_std": 0.026525642645161756,
      "ps_normalized_value_mean": 0.8883660119933914,
      "ps_normalized_value_std": 0.04701464469403909,
      "ps_best_matching_mean": 0.5486666666666666,
      "ps_best_matching_std": 0.1128569906416981,
      "ps_epsilon_matching_mean": 0.9466666666666668,
      "ps_epsilon_matching_std": 0.054433105395181716,
      "ps_total_variation_mean": 46.13922328643016,
      "ps_total_variation_std": 1.199050466208836,