{
  "config": {
    "gamma": 0.95,
    "delta": 0.001,
    "epsilon": 5.0,
    "stochastic_fraction": 0.4,
    "K": 5,
    "n_worlds": 5,
    "n_datasets_per_world": 2,
    "coverages": [
      0.2,
      0.4,
      0.6,
      0.8,
      1.0
    ]
  },
  "rows": [
    {
      "coverage": 0.2,
      "mle_normalized_value_mean": 0.8003563606303107,
      "mle_normalized_value_std": 0.05922185608226136,
      "itl_normalized_value_mean": 0.8029855970047407,
      "itl_normalized_value_std": 0.05293312895073686,
      "mle_best_matching_mean": 0.33333333333333337,
      "mle_best_matching_std": 0.08314794192830982,
      "itl_best_matching_mean": 0.36666666666666664,
      "itl_best_matching_std": 0.056655772373253185,
      "mle_epsilon_matching_mean": 0.8666666666666666,
      "mle_epsilon_matching_std": 0.10423146132940957,
      "itl_epsilon_matching_mean": 0.8666666666666666,
      "itl_epsilon_matching_std": 0.10423146132940957,
      "mle_total_variation_mean": 49.160965095182945,
      "mle_total_variation_std": 0.7465506412888603,
      "itl_total_variation_mean": 49.21493811231274,
      "itl_total_variation_std": 0.7539484645483435,
      "mle_n_violations_mean": 2.0,
      "mle_n_violations_std": 1.5634719199411433,
      "itl_n_violations_mean": 2.0,
      "itl_n_violations_std": 1.5634719199411433,
      "mle_mse_mean": 0.1890381473243706,
      "mle_mse_std": 0.008415251904838812,
      "itl_mse_mean": 0.19566903017680293,
      "itl_mse_std": 0.005510140911499067
    },
    {
      "coverage": 0.4,
      "mle_normalized_value_mean": 0.8640766315651704,
      "mle_normalized_value_std": 0.0418157381317164,
      "itl_normalized_value_mean": 0.8693494756557382,
      "itl_normalized_value_std": 0.04551547787290301,
      "mle_best_matching_mean": 0.4066666666666666,
      "mle_best_matching_std": 0.09660917830792959,
      "itl_best_matching_mean": 0.43999999999999995,
      "itl_best_matching_std": 0.10036968702787746,
      "mle_epsilon_matching_mean": 0.9133333333333333,
      "mle_epsilon_matching_std": 0.06324555320336758,
      "itl_epsilon_matching_mean": 0.9133333333333333,
      "itl_epsilon_matching_std": 0.06324555320336758,
      "mle_total_variation_mean": 45.771371521733464,
      "mle_total_variation_std": 1.51612275845038,
      "itl_total_variation_mean": 45.760984108580395,
      "itl_total_variation_std": 1.575465316255332,
      "mle_n_violations_mean": 1.3,
      "mle_n_violations_std": 0.9486832980505138,
      "itl_n_violations_mean": 1.3,
      "itl_n_violations_std": 0.9486832980505138,
      "mle_mse_mean": 0.18430038016241815,
      "mle_mse_std": 0.0083283521742506,
      "itl_mse_mean": 0.19304794458320454,
      "itl_mse_std": 0.012603793055399633
    },
    {
      "coverage": 0.6,
      "mle_normalized_value_mean": 0.9155712619187388,
      "mle_normalized_value_std": 0.03324498995114993,
      "itl_normalized_value_mean": 0.9124641719012606,
      "itl_normalized_value_std": 0.03714147176159927,
      "mle_best_matching_mean": 0.5333333333333332,
      "mle_best_matching_std": 0.0831479419283098,
      "itl_best_matching_mean": 0.5466666666666666,
      "itl_best_matching_std": 0.09838197164968289,
      "mle_epsilon_matching_mean": 0.9400000000000001,
      "mle_epsilon_matching_std": 0.03784308081316977,
      "itl_epsilon_matching_mean": 0.9400000000000001,
      "itl_epsilon_matching_std": 0.03784308081316977,
      "mle_total_variation_mean": 44.253134715673596,
      "mle_total_variation_std": 1.2208747986450963,
      "itl_total_variation_mean": 44.28000540524472,
      "itl_total_variation_std": 1.3169196921069437,
      "mle_n_violations_mean": 0.9,
      "mle_n_violations_std": 0.5676462121975466,
      "itl_n_violations_mean": 0.9,
      "itl_n_violations_std": 0.5676462121975466,
      "mle_mse_mean": 0.18176121670700932,
      "mle_mse_std": 0.009999482162401664,
      "itl_mse_mean": 0.196385166040294,
      "itl_mse_std": 0.022926408940928917
    },
    {
      "coverage": 0.8,
      "mle_normalized_value_mean": 0.9325718877268612,
      "mle_normalized_value_std": 0.04030808423736397,
      "itl_normalized_value_mean": 0.9509269134999631,
      "itl_normalized_value_std": 0.034477612826667184,
      "mle_best_matching_mean": 0.58,
      "mle_best_matching_std": 0.1259041375485804,
      "itl_best_matching_mean": 0.6599999999999999,
      "itl_best_matching_std": 0.09135468796041986,
      "mle_epsilon_matching_mean": 0.96,
      "mle_epsilon_matching_std": 0.04661372658534006,
      "itl_epsilon_matching_mean": 0.9866666666666667,
      "itl_epsilon_matching_std": 0.02810913475705225,
      "mle_total_variation_mean": 41.99642339187609,
      "mle_total_variation_std": 0.9710109969979861,
      "itl_total_variation_mean": 42.1883340310109,
      "itl_total_variation_std": 1.7964500058335204,
      "mle_n_violations_mean": 0.6,
      "mle_n_violations_std": 0.6992058987801011,
      "itl_n_violations_mean": 0.2,
      "itl_n_violations_std": 0.42163702135578396,
      "mle_mse_mean": 0.18047840357494493,
      "mle_mse_std": 0.010554664650220442,
      "itl_mse_mean": 0.2027519151146989,
      "itl_mse_std": 0.04287050804244819
    },
    {
      "coverage": 1.0,
      "mle_normalized_value_mean": 0.9654098490440569,
      "mle_normalized_value_std": 0.023263372950336963,
      "itl_normalized_value_mean": 0.9839751953250178,
      "itl_normalized_value_std": 0.010350007899370326,
      "mle_best_matching_mean": 0.7,
      "mle_best_matching_std": 0.1305260013830081,
      "itl_best_matching_mean": 0.7733333333333332,
      "itl_best_matching_std": 0.07825251938515118,
      "mle_epsilon_matching_mean": 0.9866666666666667,
      "mle_epsilon_matching_std": 0.02810913475705225,
      "itl_epsilon_matching_mean": 1.0,
      "itl_epsilon_matching_std": 0.0,
      "mle_total_variation_mean": 38.990661030601515,
      "mle_total_variation_std": 1.0865906772148288,
      "itl_total_variation_mean": 38.85660212650612,
      "itl_total_variation_std": 1.290677560785907,
      "mle_n_violations_mean": 0.2,
      "mle_n_violations_std": 0.42163702135578396,
      "itl_n_violations_mean": 0.0,
      "itl_n_violations_std": 0.0,
      "mle_mse_mean": 0.17314263439110614,
      "mle_mse_std": 0.012082264514238553,
      "itl_mse_mean": 0.1927035505936106,
      "itl_mse_std": 0.019840433856248924
    }
  ]
}