{
  "standard": {
    "0.5": {
      "mle": 0.06152083957787539,
      "itl": 0.062473777351946105
    },
    "1.0": {
      "mle": 0.06152083957787539,
      "itl": 0.07169963837907371
    },
    "3.0": {
      "mle": 0.06152083957787539,
      "itl": 0.08000037026126454
    },
    "5.0": {
      "mle": 0.06152083957787539,
      "itl": 0.06181536053448082
    },
    "7.5": {
      "mle": 0.06152083957787539,
      "itl": 0.06181536053448082
    },
    "10.0": {
      "mle": 0.06152083957787539,
      "itl": 0.06181536053448082
    }
  },
  "structured": {
    "0.5": {
      "mle": 0.2663729455254646,
      "itl": 0.2683870214351045
    },
    "1.0": {
      "mle": 0.2663729455254646,
      "itl": 0.2754134554984804
    },
    "3.0": {
      "mle": 0.2663729455254646,
      "itl": 0.3020331249663488
    },
    "5.0": {
      "mle": 0.2663729455254646,
      "itl": 0.2666498006424418
    },
    "7.5": {
      "mle": 0.2663729455254646,
      "itl": 0.2663095328051327
    },
    "10.0": {
      "mle": 0.2663729455254646,
      "itl": 0.2663095328051327
    },
    "15.0": {
      "mle": 0.2663729455254646,
      "itl": 0.2663095328051327
    }
  },
  "stochastic_expert": {
    "1.0": {
      "mle": 0.09346916334429482,
      "itl": 0.10263006317531198
    },
    "2.0": {
      "mle": 0.09346916334429482,
      "itl": 0.10510555431631949
    },
    "3.0": {
      "mle": 0.09346916334429482,
      "itl": 0.12111637102596509
    },
    "5.0": {
      "mle": 0.09346916334429482,
      "itl": 0.0945448972063449
    },
    "7.5": {
      "mle": 0.09346916334429482,
      "itl": 0.09296582981214904
    },
    "10.0": {
      "mle": 0.09346916334429482,
      "itl": 0.09296582981214904
    }
  }
}