{
  "config": {
    "gamma": 0.95,
    "delta": 0.001,
    "epsilon": 5.0,
    "stochastic_fraction": 0.4,
    "n_worlds": 20,
    "n_datasets_per_world": 5,
    "coverages": [
      0.2,
      0.4,
      0.6,
      0.8,
      1.0
    ]
  },
  "rows": [
    {
      "coverage": 0.2,
      "mle_normalized_value_transfer_mean": 0.7917671538152617,
      "mle_normalized_value_transfer_std": 0.048251243444223206,
      "mle_best_matching_transfer_mean": 0.25599999999999995,
      "mle_best_matching_transfer_std": 0.11200448924785239,
      "mle_epsilon_matching_transfer_mean": 0.878,
      "mle_epsilon_matching_transfer_std": 0.07404005953039038,
      "mle_n_violations_transfer_mean": 1.83,
      "mle_n_violations_transfer_std": 1.1106008929558553,
      "itl_normalized_value_transfer_mean": 0.7978343887795334,
      "itl_normalized_value_transfer_std": 0.048685330833100796,
      "itl_best_matching_transfer_mean": 0.2766666666666666,
      "itl_best_matching_transfer_std": 0.11226671785150427,
      "itl_epsilon_matching_transfer_mean": 0.8759999999999999,
      "itl_epsilon_matching_transfer_std": 0.07757260094587791,
      "itl_n_violations_transfer_mean": 1.86,
      "itl_n_violations_transfer_std": 1.1635890141881684,
      "ps_normalized_value_transfer_mean": 0.7917671538152617,
      "ps_normalized_value_transfer_std": 0.048251243444223206,
      "ps_best_matching_transfer_mean": 0.25599999999999995,
      "ps_best_matching_transfer_std": 0.11200448924785239,
      "ps_epsilon_matching_transfer_mean": 0.878,
      "ps_epsilon_matching_transfer_std": 0.07404005953039038,
      "ps_n_violations_transfer_mean": 1.83,
      "ps_n_violations_transfer_std": 1.1106008929558553,
      "mce_normalized_value_transfer_mean": 0.7917671538152617,
      "mce_normalized_value_transfer_std": 0.048251243444223206,
      "mce_best_matching_transfer_mean": 0.25599999999999995,
      "mce_best_matching_transfer_std": 0.11200448924785239,
      "mce_epsilon_matching_transfer_mean": 0.878,
      "mce_epsilon_matching_transfer_std": 0.07404005953039038,
      "mce_n_violations_transfer_mean": 1.83,
      "mce_n_violations_transfer_std": 1.1106008929558553,
      "bitl_normalized_value_transfer_mean": 0.791923367068648,
      "bitl_normalized_value_transfer_std": 0.05580985859850937,
      "bitl_best_matching_transfer_mean": 0.23466666666666666,
      "bitl_best_matching_transfer_std": 0.10656560869356002,
      "bitl_epsilon_matching_transfer_mean": 0.9059999999999998,
      "bitl_epsilon_matching_transfer_std": 0.0914259158665169,
      "bitl_n_violations_transfer_mean": 1.41,
      "bitl_n_violations_transfer_std": 1.3713887379977532
    },
    {
      "coverage": 0.4,
      "mle_normalized_value_transfer_mean": 0.8010179842042092,
      "mle_normalized_value_transfer_std": 0.05615021354732432,
      "mle_best_matching_transfer_mean": 0.27266666666666667,
      "mle_best_matching_transfer_std": 0.11989333081706746,
      "mle_epsilon_matching_transfer_mean": 0.8933333333333333,
      "mle_epsilon_matching_transfer_std": 0.07580469914866149,
      "mle_n_violations_transfer_mean": 1.6,
      "mle_n_violations_transfer_std": 1.1370704872299222,
      "itl_normalized_value_transfer_mean": 0.8139633238271875,
      "itl_normalized_value_transfer_std": 0.05270867269485844,
      "itl_best_matching_transfer_mean": 0.30466666666666664,
      "itl_best_matching_transfer_std": 0.11806711173386181,
      "itl_epsilon_matching_transfer_mean": 0.9,
      "itl_epsilon_matching_transfer_std": 0.07491109582924911,
      "itl_n_violations_transfer_mean": 1.5,
      "itl_n_violations_transfer_std": 1.1236664374387368,
      "ps_normalized_value_transfer_mean": 0.8010179842042092,
      "ps_normalized_value_transfer_std": 0.05615021354732432,
      "ps_best_matching_transfer_mean": 0.27266666666666667,
      "ps_best_matching_transfer_std": 0.11989333081706746,
      "ps_epsilon_matching_transfer_mean": 0.8933333333333333,
      "ps_epsilon_matching_transfer_std": 0.07580469914866149,
      "ps_n_violations_transfer_mean": 1.6,
      "ps_n_violations_transfer_std": 1.1370704872299222,
      "mce_normalized_value_transfer_mean": 0.8010179842042092,
      "mce_normalized_value_transfer_std": 0.05615021354732432,
      "mce_best_matching_transfer_mean": 0.27266666666666667,
      "mce_best_matching_transfer_std": 0.11989333081706746,
      "mce_epsilon_matching_transfer_mean": 0.8933333333333333,
      "mce_epsilon_matching_transfer_std": 0.07580469914866149,
      "mce_n_violations_transfer_mean": 1.6,
      "mce_n_violations_transfer_std": 1.1370704872299222,
      "bitl_normalized_value_transfer_mean": 0.8105868246559499,
      "bitl_normalized_value_transfer_std": 0.049543517714349374,
      "bitl_best_matching_transfer_mean": 0.2773333333333333,
      "bitl_best_matching_transfer_std": 0.11632996145731303,
      "bitl_epsilon_matching_transfer_mean": 0.9173333333333333,
      "bitl_epsilon_matching_transfer_std": 0.07528173794048638,
      "bitl_n_violations_transfer_mean": 1.24,
      "bitl_n_violations_transfer_std": 1.1292260691072957
    },
    {
      "coverage": 0.6,
      "mle_normalized_value_transfer_mean": 0.8196371148905973,
      "mle_normalized_value_transfer_std": 0.051452596773830926,
      "mle_best_matching_transfer_mean": 0.2786666666666666,
      "mle_best_matching_transfer_std": 0.12037353013205777,
      "mle_epsilon_matching_transfer_mean": 0.912,
      "mle_epsilon_matching_transfer_std": 0.07632407718864404,
      "mle_n_violations_transfer_mean": 1.32,
      "mle_n_violations_transfer_std": 1.1448611578296604,
      "itl_normalized_value_transfer_mean": 0.8391379892813273,
      "itl_normalized_value_transfer_std": 0.04921638627805393,
      "itl_best_matching_transfer_mean": 0.33866666666666667,
      "itl_best_matching_transfer_std": 0.12911856930074622,
      "itl_epsilon_matching_transfer_mean": 0.9213333333333334,
      "itl_epsilon_matching_transfer_std": 0.06987563105931244,
      "itl_n_violations_transfer_mean": 1.18,
      "itl_n_violations_transfer_std": 1.0481344658896865,
      "ps_normalized_value_transfer_mean": 0.8196371148905973,
      "ps_normalized_value_transfer_std": 0.051452596773830926,
      "ps_best_matching_transfer_mean": 0.2786666666666666,
      "ps_best_matching_transfer_std": 0.12037353013205777,
      "ps_epsilon_matching_transfer_mean": 0.912,
      "ps_epsilon_matching_transfer_std": 0.07632407718864404,
      "ps_n_violations_transfer_mean": 1.32,
      "ps_n_violations_transfer_std": 1.1448611578296604,
      "mce_normalized_value_transfer_mean": 0.8196371148905973,
      "mce_normalized_value_transfer_std": 0.051452596773830926,
      "mce_best_matching_transfer_mean": 0.2786666666666666,
      "mce_best_matching_transfer_std": 0.12037353013205777,
      "mce_epsilon_matching_transfer_mean": 0.912,
      "mce_epsilon_matching_transfer_std": 0.07632407718864404,
      "mce_n_violations_transfer_mean": 1.32,
      "mce_n_violations_transfer_std": 1.1448611578296604,
      "bitl_normalized_value_transfer_mean": 0.8388266530622057,
      "bitl_normalized_value_transfer_std": 0.0471254817771865,
      "bitl_best_matching_transfer_mean": 0.3293333333333333,
      "bitl_best_matching_transfer_std": 0.12528575642581016,
      "bitl_epsilon_matching_transfer_mean": 0.9440000000000002,
      "bitl_epsilon_matching_transfer_std": 0.06193294951550616,
      "bitl_n_violations_transfer_mean": 0.84,
      "bitl_n_violations_transfer_std": 0.9289942427325926
    },
    {
      "coverage": 0.8,
      "mle_normalized_value_transfer_mean": 0.8347585180997708,
      "mle_normalized_value_transfer_std": 0.05165060057190519,
      "mle_best_matching_transfer_mean": 0.30399999999999994,
      "mle_best_matching_transfer_std": 0.1243867109945989,
      "mle_epsilon_matching_transfer_mean": 0.9380000000000002,
      "mle_epsilon_matching_transfer_std": 0.06914906879291323,
      "mle_n_violations_transfer_mean": 0.93,