{
  "config": {
    "gamma": 0.95,
    "delta": 0.001,
    "epsilon": 5.0,
    "stochastic_fraction": 0.4,
    "K": 5,
    "n_worlds": 20,
    "n_datasets_per_world": 5,
    "coverages": [
      0.2,
      0.4,
      0.6,
      0.8,
      1.0
    ]
  },
  "rows": [
    {
      "coverage": 0.2,
      "mle_normalized_value_mean": 0.7976181155341774,
      "mle_normalized_value_std": 0.046238059999243956,
      "mle_best_matching_mean": 0.302,
      "mle_best_matching_std": 0.09637888196533974,
      "mle_epsilon_matching_mean": 0.8853333333333333,
      "mle_epsilon_matching_std": 0.07988768771662699,
      "mle_total_variation_mean": 49.06363320784346,
      "mle_total_variation_std": 1.1596938587511865,
      "mle_n_violations_mean": 1.72,
      "mle_n_violations_std": 1.1983153157494049,
      "mle_mse_mean": 0.1920877067090238,
      "mle_mse_std": 0.006737500896868659,
      "itl_normalized_value_mean": 0.8003858516910815,
      "itl_normalized_value_std": 0.04506424875568876,
      "itl_best_matching_mean": 0.316,
      "itl_best_matching_std": 0.08970333947716652,
      "itl_epsilon_matching_mean": 0.8859999999999999,
      "itl_epsilon_matching_std": 0.07944532739496626,
      "itl_total_variation_mean": 49.07595240331214,
      "itl_total_variation_std": 1.1753734983545923,
      "itl_n_violations_mean": 1.71,
      "itl_n_violations_std": 1.191679910924494,
      "itl_mse_mean": 0.19849645086106313,
      "itl_mse_std": 0.013247949967313823,
      "ps_normalized_value_mean": 0.7976181155341776,
      "ps_normalized_value_std": 0.04623805999924393,
      "ps_best_matching_mean": 0.302,
      "ps_best_matching_std": 0.09637888196533974,
      "ps_epsilon_matching_mean": 0.8853333333333333,
      "ps_epsilon_matching_std": 0.07988768771662699,
      "ps_total_variation_mean": 49.06363320784346,
      "ps_total_variation_std": 1.1596938587511865,
      "ps_n_violations_mean": 1.72,
      "ps_n_violations_std": 1.1983153157494049,
      "ps_mse_mean": 0.1920877067090238,
      "ps_mse_std": 0.006737500896868659,
      "mce_normalized_value_mean": 0.7976181155341776,
      "mce_normalized_value_std": 0.04623805999924393,
      "mce_best_matching_mean": 0.302,
      "mce_best_matching_std": 0.09637888196533974,
      "mce_epsilon_matching_mean": 0.8853333333333333,
      "mce_epsilon_matching_std": 0.07988768771662699,
      "mce_total_variation_mean": 49.06363320784346,
      "mce_total_variation_std": 1.1596938587511865,
      "mce_n_violations_mean": 1.72,
      "mce_n_violations_std": 1.1983153157494049,
      "mce_mse_mean": 0.1920877067090238,
      "mce_mse_std": 0.006737500896868659,
      "bitl_normalized_value_mean": 0.8089187573461034,
      "bitl_normalized_value_std": 0.05638397613817399,
      "bitl_best_matching_mean": 0.31466666666666665,
      "bitl_best_matching_std": 0.10931066530225471,
      "bitl_epsilon_matching_mean": 0.9039999999999999,
      "bitl_epsilon_matching_std": 0.07716642850353397,
      "bitl_total_variation_mean": 56.74705722902331,
      "bitl_total_variation_std": 2.63683546389658,
      "bitl_n_violations_mean": 1.44,
      "bitl_n_violations_std": 1.1574964275530097,
      "bitl_mse_mean": 0.4678503886335437,
      "bitl_mse_std": 0.06747550866798065
    },
    {
      "coverage": 0.4,
      "mle_normalized_value_mean": 0.8434953382896466,
      "mle_normalized_value_std": 0.0479990017202119,
      "mle_best_matching_mean": 0.3999999999999999,
      "mle_best_matching_std": 0.1059402876939547,
      "mle_epsilon_matching_mean": 0.9126666666666666,
      "mle_epsilon_matching_std": 0.06679785072854412,
      "mle_total_variation_mean": 46.338487826682304,
      "mle_total_variation_std": 1.201173260972471,
      "mle_n_violations_mean": 1.31,
      "mle_n_violations_std": 1.0019677609281616,
      "mle_mse_mean": 0.18680280669305369,
      "mle_mse_std": 0.007820762633027466,
      "itl_normalized_value_mean": 0.849852562292636,
      "itl_normalized_value_std": 0.04529818302670883,
      "itl_best_matching_mean": 0.4253333333333334,
      "itl_best_matching_std": 0.10151711139371483,
      "itl_epsilon_matching_mean": 0.9146666666666665,
      "itl_epsilon_matching_std": 0.06838197332699805,
      "itl_total_variation_mean": 46.32716396258841,
      "itl_total_variation_std": 1.2653682776019028,
      "itl_n_violations_mean": 1.28,
      "itl_n_violations_std": 1.0257295999049711,
      "itl_mse_mean": 0.19606978063457883,
      "itl_mse_std": 0.01645316138745215,
      "ps_normalized_value_mean": 0.8434953382896466,
      "ps_normalized_value_std": 0.04799900172021192,
      "ps_best_matching_mean": 0.3999999999999999,
      "ps_best_matching_std": 0.1059402876939547,
      "ps_epsilon_matching_mean": 0.9126666666666666,
      "ps_epsilon_matching_std": 0.06679785072854412,
      "ps_total_variation_mean": 46.338487826682304,
      "ps_total_variation_std": 1.201173260972471,
      "ps_n_violations_mean": 1.31,
      "ps_n_violations_std": 1.0019677609281616,
      "ps_mse_mean": 0.18680280669305369,
      "ps_mse_std": 0.007820762633027466,
      "mce_normalized_value_mean": 0.8434953382896466,
      "mce_normalized_value_std": 0.04799900172021192,
      "mce_best_matching_mean": 0.3999999999999999,
      "mce_best_matching_std": 0.1059402876939547,
      "mce_epsilon_matching_mean": 0.9126666666666666,
      "mce_epsilon_matching_std": 0.06679785072854412,
      "mce_total_variation_mean": 46.338487826682304,
      "mce_total_variation_std": 1.201173260972471,
      "mce_n_violations_mean": 1.31,
      "mce_n_violations_std": 1.0019677609281616,
      "mce_mse_mean": 0.18680280669305369,
      "mce_mse_std": 0.007820762633027466,
      "bitl_normalized_value_mean": 0.8443588123488326,
      "bitl_normalized_value_std": 0.05384500919959507,
      "bitl_best_matching_mean": 0.3993333333333334,
      "bitl_best_matching_std": 0.09259690225660705,
      "bitl_epsilon_matching_mean": 0.9193333333333333,
      "bitl_epsilon_matching_std": 0.06377218150226475,
      "bitl_total_variation_mean": 52.519781625464205,
      "bitl_total_variation_std": 2.216858557162771,
      "bitl_n_violations_mean": 1.21,
      "bitl_n_violations_std": 0.9565827225339715,
      "bitl_mse_mean": 0.4029123549536296,
      "bitl_mse_std": 0.05814870077548743
    },
    {
      "coverage": 0.6,
      "mle_normalized_value_mean": 0.8876370622065753,
      "mle_normalized_value_std": 0.04537840312989145,
      "mle_best_matching_mean": 0.49533333333333346,
      "mle_best_matching_std": 0.10938251337028645,
      "mle_epsilon_matching_mean": 0.9486666666666668,
      "mle_epsilon_matching_std": 0.055133752273273016,
      "mle_total_variation_mean": 43.909239130837484,
      "mle_total_variation_std": 1.4784091286358019,
      "mle_n_violations_mean": 0.77,
      "mle_n_violations_std": 0.8270062840990956,
      "mle_mse_mean": 0.18244714419665975,
      "mle_mse_std": 0.008692311002963592,
      "itl_normalized_value_mean": 0.896662361855485,
      "itl_normalized_value_std": 0.04373001542405158,
      "itl_best_matching_mean": 0.5366666666666667,
      "itl_best_matching_std": 0.09955005396054074,
      "itl_epsilon_matching_mean": 0.95,
      "itl_epsilon_matching_std": 0.05474151072662313,
      "itl_total_variation_mean": 43.94552427743513,
      "itl_total_variation_std": 1.61718646022137,
      "itl_n_violations_mean": 0.75,
      "itl_n_violations_std": 0.8211226608993472,
      "itl_mse_mean": 0.19879757836268552,
      "itl_mse_std": 0.02192004317591487,
      "ps_normalized_value_mean": 0.8876370622065753,
      "ps_normalized_value_std": 0.04537840312989145,
      "ps_best_matching_mean": 0.49533333333333346,
      "ps_best_matching_std": 0.10938251337028645,
      "ps_epsilon_matching_mean": 0.9486666666666668,
      "ps_epsilon_matching_std": 0.055133752273273016,
      "ps_total_variation_mean": 43.909239130837484,
      "ps_total_variation_std": 1.4784091286358019,
      "ps_n_violations_mean": 0.77,