{
  "config": {
    "gamma": 0.95,
    "delta": 0.001,
    "epsilon": 5.0,
    "stochastic_fraction": 0.4,
    "K": 5,
    "n_worlds": 5,
    "n_datasets_per_world": 2,
    "coverages": [
      0.2,
      0.4,
      0.6,
      0.8,
      1.0
    ]
  },
  "rows": [
    {
      "coverage": 0.2,
      "mle_normalized_value_mean": 0.8003563606303107,
      "mle_normalized_value_std": 0.05922185608226136,
      "itl_normalized_value_mean": 0.8018573076608251,
      "itl_normalized_value_std": 0.05164705273142064,
      "mle_best_matching_mean": 0.33333333333333337,
      "mle_best_matching_std": 0.08314794192830982,
      "itl_best_matching_mean": 0.3466666666666667,
      "itl_best_matching_std": 0.06885303726590965,
      "mle_epsilon_matching_mean": 0.8666666666666666,
      "mle_epsilon_matching_std": 0.10423146132940957,
      "itl_epsilon_matching_mean": 0.8666666666666666,
      "itl_epsilon_matching_std": 0.10423146132940957,
      "mle_total_variation_mean": 49.160965095182945,
      "mle_total_variation_std": 0.7465506412888603,
      "itl_total_variation_mean": 49.276259821971266,
      "itl_total_variation_std": 0.7506785406890513,
      "mle_n_violations_mean": 2.0,
      "mle_n_violations_std": 1.5634719199411433,
      "itl_n_violations_mean": 2.0,
      "itl_n_violations_std": 1.5634719199411433,
      "mle_mse_mean": 0.1890381473243706,
      "mle_mse_std": 0.008415251904838812,
      "itl_mse_mean": 0.18972293716732963,
      "itl_mse_std": 0.008382236693641087
    },
    {
      "coverage": 0.4,
      "mle_normalized_value_mean": 0.8640766315651704,
      "mle_normalized_value_std": 0.0418157381317164,
      "itl_normalized_value_mean": 0.828378781353679,
      "itl_normalized_value_std": 0.04928041438990421,
      "mle_best_matching_mean": 0.4066666666666666,
      "mle_best_matching_std": 0.09660917830792959,
      "itl_best_matching_mean": 0.39333333333333337,
      "itl_best_matching_std": 0.09135468796041986,
      "mle_epsilon_matching_mean": 0.9133333333333333,
      "mle_epsilon_matching_std": 0.06324555320336758,
      "itl_epsilon_matching_mean": 0.8933333333333333,
      "itl_epsilon_matching_std": 0.07825251938515117,
      "mle_total_variation_mean": 45.771371521733464,
      "mle_total_variation_std": 1.51612275845038,
      "itl_total_variation_mean": 46.10631663126292,
      "itl_total_variation_std": 1.5160246868442215,
      "mle_n_violations_mean": 1.3,
      "mle_n_violations_std": 0.9486832980505138,
      "itl_n_violations_mean": 1.6,
      "itl_n_violations_std": 1.1737877907772674,
      "mle_mse_mean": 0.18430038016241815,
      "mle_mse_std": 0.0083283521742506,
      "itl_mse_mean": 0.1870329423176046,
      "itl_mse_std": 0.007601731866362981
    },
    {
      "coverage": 0.6,
      "mle_normalized_value_mean": 0.9155712619187388,
      "mle_normalized_value_std": 0.03324498995114993,
      "itl_normalized_value_mean": 0.8971381807084505,
      "itl_normalized_value_std": 0.055561893376722966,
      "mle_best_matching_mean": 0.5333333333333332,
      "mle_best_matching_std": 0.0831479419283098,
      "itl_best_matching_mean": 0.48666666666666664,
      "itl_best_matching_std": 0.08916623398995055,
      "mle_epsilon_matching_mean": 0.9400000000000001,
      "mle_epsilon_matching_std": 0.03784308081316977,
      "itl_epsilon_matching_mean": 0.96,
      "itl_epsilon_matching_std": 0.04661372658534006,
      "mle_total_variation_mean": 44.253134715673596,
      "mle_total_variation_std": 1.2208747986450963,
      "itl_total_variation_mean": 44.59533397601722,
      "itl_total_variation_std": 1.2809913410068325,
      "mle_n_violations_mean": 0.9,
      "mle_n_violations_std": 0.5676462121975466,
      "itl_n_violations_mean": 0.6,
      "itl_n_violations_std": 0.6992058987801011,
      "mle_mse_mean": 0.18176121670700932,
      "mle_mse_std": 0.009999482162401664,
      "itl_mse_mean": 0.18443658726398293,
      "itl_mse_std": 0.01128544627970084
    },
    {
      "coverage": 0.8,
      "mle_normalized_value_mean": 0.9325718877268612,
      "mle_normalized_value_std": 0.04030808423736397,
      "itl_normalized_value_mean": 0.9101029588906309,
      "itl_normalized_value_std": 0.054150749405163144,
      "mle_best_matching_mean": 0.58,
      "mle_best_matching_std": 0.1259041375485804,
      "itl_best_matching_mean": 0.5533333333333333,
      "itl_best_matching_std": 0.11779874027287619,
      "mle_epsilon_matching_mean": 0.96,
      "mle_epsilon_matching_std": 0.04661372658534006,
      "itl_epsilon_matching_mean": 0.9400000000000001,
      "itl_epsilon_matching_std": 0.049190985824841445,
      "mle_total_variation_mean": 41.99642339187609,
      "mle_total_variation_std": 0.9710109969979861,
      "itl_total_variation_mean": 42.036754742887105,
      "itl_total_variation_std": 0.9612354135364027,
      "mle_n_violations_mean": 0.6,
      "mle_n_violations_std": 0.6992058987801011,
      "itl_n_violations_mean": 0.9,
      "itl_n_violations_std": 0.7378647873726218,
      "mle_mse_mean": 0.18047840357494493,
      "mle_mse_std": 0.010554664650220442,
      "itl_mse_mean": 0.18112873283376382,
      "itl_mse_std": 0.010554212608671518
    },
    {
      "coverage": 1.0,
      "mle_normalized_value_mean": 0.9654098490440569,
      "mle_normalized_value_std": 0.023263372950336963,
      "itl_normalized_value_mean": 0.9502781470428315,
      "itl_normalized_value_std": 0.038214966916147945,
      "mle_best_matching_mean": 0.7,
      "mle_best_matching_std": 0.1305260013830081,
      "itl_best_matching_mean": 0.6733333333333333,
      "itl_best_matching_std": 0.12746338133066656,
      "mle_epsilon_matching_mean": 0.9866666666666667,
      "mle_epsilon_matching_std": 0.02810913475705225,
      "itl_epsilon_matching_mean": 0.96,
      "itl_epsilon_matching_std": 0.04661372658534006,
      "mle_total_variation_mean": 38.990661030601515,
      "mle_total_variation_std": 1.0865906772148288,
      "itl_total_variation_mean": 39.257294101542264,
      "itl_total_variation_std": 1.163979540632869,
      "mle_n_violations_mean": 0.2,
      "mle_n_violations_std": 0.42163702135578396,
      "itl_n_violations_mean": 0.6,
      "itl_n_violations_std": 0.6992058987801011,
      "mle_mse_mean": 0.17314263439110614,
      "mle_mse_std": 0.012082264514238553,
      "itl_mse_mean": 0.17557317095383385,
      "itl_mse_std": 0.013088905192930884
    }
  ]
}