{
  "config": {
    "gamma": 0.95,
    "delta": 0.001,
    "epsilon": 5.0,
    "stochastic_fraction": 0.0,
    "n_worlds": 20,
    "n_datasets_per_world": 5,
    "coverages": [
      0.2,
      0.4,
      0.6,
      0.8,
      1.0
    ]
  },
  "rows": [
    {
      "coverage": 0.2,
      "mle_normalized_value_transfer_mean": 0.7841919320283138,
      "mle_normalized_value_transfer_std": 0.04994417082102967,
      "mle_best_matching_transfer_mean": 0.2453333333333333,
      "mle_best_matching_transfer_std": 0.1092284953550623,
      "mle_epsilon_matching_transfer_mean": 0.8719999999999999,
      "mle_epsilon_matching_transfer_std": 0.07501889025105984,
      "mle_n_violations_transfer_mean": 1.92,
      "mle_n_violations_transfer_std": 1.1252833537658975,
      "itl_normalized_value_transfer_mean": 0.789945609789273,
      "itl_normalized_value_transfer_std": 0.05289612881032967,
      "itl_best_matching_transfer_mean": 0.254,
      "itl_best_matching_transfer_std": 0.11515665414724557,
      "itl_epsilon_matching_transfer_mean": 0.8746666666666666,
      "itl_epsilon_matching_transfer_std": 0.07597034095504665,
      "itl_n_violations_transfer_mean": 1.88,
      "itl_n_violations_transfer_std": 1.1395551143256997,
      "ps_normalized_value_transfer_mean": 0.7841919320283138,
      "ps_normalized_value_transfer_std": 0.04994417082102967,
      "ps_best_matching_transfer_mean": 0.2453333333333333,
      "ps_best_matching_transfer_std": 0.1092284953550623,
      "ps_epsilon_matching_transfer_mean": 0.8719999999999999,
      "ps_epsilon_matching_transfer_std": 0.07501889025105984,
      "ps_n_violations_transfer_mean": 1.92,
      "ps_n_violations_transfer_std": 1.1252833537658975,
      "mce_normalized_value_transfer_mean": 0.7841919320283138,
      "mce_normalized_value_transfer_std": 0.04994417082102967,
      "mce_best_matching_transfer_mean": 0.2453333333333333,
      "mce_best_matching_transfer_std": 0.1092284953550623,
      "mce_epsilon_matching_transfer_mean": 0.8719999999999999,
      "mce_epsilon_matching_transfer_std": 0.07501889025105984,
      "mce_n_violations_transfer_mean": 1.92,
      "mce_n_violations_transfer_std": 1.1252833537658975,
      "bitl_normalized_value_transfer_mean": 0.7758860075859337,
      "bitl_normalized_value_transfer_std": 0.060158022701140394,
      "bitl_best_matching_transfer_mean": 0.20800000000000002,
      "bitl_best_matching_transfer_std": 0.09768590725314377,
      "bitl_epsilon_matching_transfer_mean": 0.8999999999999999,
      "bitl_epsilon_matching_transfer_std": 0.09014267279726505,
      "bitl_n_violations_transfer_mean": 1.5,
      "bitl_n_violations_transfer_std": 1.352140091958976
    },
    {
      "coverage": 0.4,
      "mle_normalized_value_transfer_mean": 0.7908141496238962,
      "mle_normalized_value_transfer_std": 0.052729381427482416,
      "mle_best_matching_transfer_mean": 0.25,
      "mle_best_matching_transfer_std": 0.11735009063074374,
      "mle_epsilon_matching_transfer_mean": 0.8873333333333333,
      "mle_epsilon_matching_transfer_std": 0.07796226316696098,
      "mle_n_violations_transfer_mean": 1.69,
      "mle_n_violations_transfer_std": 1.1694339475044147,
      "itl_normalized_value_transfer_mean": 0.7954299126857342,
      "itl_normalized_value_transfer_std": 0.05130706404702131,
      "itl_best_matching_transfer_mean": 0.2653333333333333,
      "itl_best_matching_transfer_std": 0.12244424279071921,
      "itl_epsilon_matching_transfer_mean": 0.8913333333333333,
      "itl_epsilon_matching_transfer_std": 0.07736107710860105,
      "itl_n_violations_transfer_mean": 1.63,
      "itl_n_violations_transfer_std": 1.1604161566290159,
      "ps_normalized_value_transfer_mean": 0.7908141496238962,
      "ps_normalized_value_transfer_std": 0.052729381427482416,
      "ps_best_matching_transfer_mean": 0.25,
      "ps_best_matching_transfer_std": 0.11735009063074374,
      "ps_epsilon_matching_transfer_mean": 0.8873333333333333,
      "ps_epsilon_matching_transfer_std": 0.07796226316696098,
      "ps_n_violations_transfer_mean": 1.69,
      "ps_n_violations_transfer_std": 1.1694339475044147,
      "mce_normalized_value_transfer_mean": 0.7908141496238962,
      "mce_normalized_value_transfer_std": 0.052729381427482416,
      "mce_best_matching_transfer_mean": 0.25,
      "mce_best_matching_transfer_std": 0.11735009063074374,
      "mce_epsilon_matching_transfer_mean": 0.8873333333333333,
      "mce_epsilon_matching_transfer_std": 0.07796226316696098,
      "mce_n_violations_transfer_mean": 1.69,
      "mce_n_violations_transfer_std": 1.1694339475044147,
      "bitl_normalized_value_transfer_mean": 0.7819723292976635,
      "bitl_normalized_value_transfer_std": 0.05629582733498832,
      "bitl_best_matching_transfer_mean": 0.21599999999999994,
      "bitl_best_matching_transfer_std": 0.09045092176443485,
      "bitl_epsilon_matching_transfer_mean": 0.9033333333333335,
      "bitl_epsilon_matching_transfer_std": 0.08171835785931669,
      "bitl_n_violations_transfer_mean": 1.45,
      "bitl_n_violations_transfer_std": 1.2257753678897503
    },
    {
      "coverage": 0.6,
      "mle_normalized_value_transfer_mean": 0.793960944783417,
      "mle_normalized_value_transfer_std": 0.05097093586377643,
      "mle_best_matching_transfer_mean": 0.24599999999999997,
      "mle_best_matching_transfer_std": 0.1123946070735352,
      "mle_epsilon_matching_transfer_mean": 0.9059999999999999,
      "mle_epsilon_matching_transfer_std": 0.07761599335344761,
      "mle_n_violations_transfer_mean": 1.41,
      "mle_n_violations_transfer_std": 1.1642399003017139,
      "itl_normalized_value_transfer_mean": 0.8067916683503426,
      "itl_normalized_value_transfer_std": 0.05063061232371873,
      "itl_best_matching_transfer_mean": 0.2693333333333333,
      "itl_best_matching_transfer_std": 0.11406970125861678,
      "itl_epsilon_matching_transfer_mean": 0.9126666666666666,
      "itl_epsilon_matching_transfer_std": 0.07321079446698481,
      "itl_n_violations_transfer_mean": 1.31,
      "itl_n_violations_transfer_std": 1.098161917004772,
      "ps_normalized_value_transfer_mean": 0.793960944783417,
      "ps_normalized_value_transfer_std": 0.05097093586377643,
      "ps_best_matching_transfer_mean": 0.24599999999999997,
      "ps_best_matching_transfer_std": 0.1123946070735352,
      "ps_epsilon_matching_transfer_mean": 0.9059999999999999,
      "ps_epsilon_matching_transfer_std": 0.07761599335344761,
      "ps_n_violations_transfer_mean": 1.41,
      "ps_n_violations_transfer_std": 1.1642399003017139,
      "mce_normalized_value_transfer_mean": 0.793960944783417,
      "mce_normalized_value_transfer_std": 0.05097093586377643,
      "mce_best_matching_transfer_mean": 0.24599999999999997,
      "mce_best_matching_transfer_std": 0.1123946070735352,
      "mce_epsilon_matching_transfer_mean": 0.9059999999999999,
      "mce_epsilon_matching_transfer_std": 0.07761599335344761,
      "mce_n_violations_transfer_mean": 1.41,
      "mce_n_violations_transfer_std": 1.1642399003017139,
      "bitl_normalized_value_transfer_mean": 0.8073587617166925,
      "bitl_normalized_value_transfer_std": 0.049824776175567624,
      "bitl_best_matching_transfer_mean": 0.24733333333333335,
      "bitl_best_matching_transfer_std": 0.11342836182363415,
      "bitl_epsilon_matching_transfer_mean": 0.9246666666666666,
      "bitl_epsilon_matching_transfer_std": 0.0725702569912463,
      "bitl_n_violations_transfer_mean": 1.13,
      "bitl_n_violations_transfer_std": 1.0885538548686946
    },
    {
      "coverage": 0.8,
      "mle_normalized_value_transfer_mean": 0.8068084040567349,
      "mle_normalized_value_transfer_std": 0.05414467147236694,
      "mle_best_matching_transfer_mean": 0.2573333333333333,
      "mle_best_matching_transfer_std": 0.11410905056513011,
      "mle_epsilon_matching_transfer_mean": 0.9226666666666665,
      "mle_epsilon_matching_transfer_std": 0.07444218298992362,
      "mle_n_violations_transfer_mean": 1.16,