{
  "config": {
    "gamma": 0.95,
    "delta": 0.001,
    "epsilon": 5.0,
    "stochastic_fraction": 0.2,
    "n_worlds": 20,
    "n_datasets_per_world": 5,
    "coverages": [
      0.2,
      0.4,
      0.6,
      0.8,
      1.0
    ]
  },
  "rows": [
    {
      "coverage": 0.2,
      "mle_normalized_value_transfer_mean": 0.7873595528258435,
      "mle_normalized_value_transfer_std": 0.04951617196041165,
      "mle_best_matching_transfer_mean": 0.25133333333333335,
      "mle_best_matching_transfer_std": 0.11125445299351684,
      "mle_epsilon_matching_transfer_mean": 0.8753333333333332,
      "mle_epsilon_matching_transfer_std": 0.07440297352348092,
      "mle_n_violations_transfer_mean": 1.87,
      "mle_n_violations_transfer_std": 1.116044602852214,
      "itl_normalized_value_transfer_mean": 0.7916429077960325,
      "itl_normalized_value_transfer_std": 0.05155275449261883,
      "itl_best_matching_transfer_mean": 0.2606666666666666,
      "itl_best_matching_transfer_std": 0.11255426425416203,
      "itl_epsilon_matching_transfer_mean": 0.8706666666666666,
      "itl_epsilon_matching_transfer_std": 0.08196246163851546,
      "itl_n_violations_transfer_mean": 1.94,
      "itl_n_violations_transfer_std": 1.2294369245777321,
      "ps_normalized_value_transfer_mean": 0.7873595528258435,
      "ps_normalized_value_transfer_std": 0.04951617196041165,
      "ps_best_matching_transfer_mean": 0.25133333333333335,
      "ps_best_matching_transfer_std": 0.11125445299351684,
      "ps_epsilon_matching_transfer_mean": 0.8753333333333332,
      "ps_epsilon_matching_transfer_std": 0.07440297352348092,
      "ps_n_violations_transfer_mean": 1.87,
      "ps_n_violations_transfer_std": 1.116044602852214,
      "mce_normalized_value_transfer_mean": 0.7873595528258435,
      "mce_normalized_value_transfer_std": 0.04951617196041165,
      "mce_best_matching_transfer_mean": 0.25133333333333335,
      "mce_best_matching_transfer_std": 0.11125445299351684,
      "mce_epsilon_matching_transfer_mean": 0.8753333333333332,
      "mce_epsilon_matching_transfer_std": 0.07440297352348092,
      "mce_n_violations_transfer_mean": 1.87,
      "mce_n_violations_transfer_std": 1.116044602852214,
      "bitl_normalized_value_transfer_mean": 0.7864705436648708,
      "bitl_normalized_value_transfer_std": 0.05856818421635868,
      "bitl_best_matching_transfer_mean": 0.22799999999999998,
      "bitl_best_matching_transfer_std": 0.10976150044947597,
      "bitl_epsilon_matching_transfer_mean": 0.9,
      "bitl_epsilon_matching_transfer_std": 0.09686442096757052,
      "bitl_n_violations_transfer_mean": 1.5,
      "bitl_n_violations_transfer_std": 1.4529663145135578
    },
    {
      "coverage": 0.4,
      "mle_normalized_value_transfer_mean": 0.79362268297788,
      "mle_normalized_value_transfer_std": 0.051724747308880825,
      "mle_best_matching_transfer_mean": 0.26066666666666666,
      "mle_best_matching_transfer_std": 0.12063989508996442,
      "mle_epsilon_matching_transfer_mean": 0.89,
      "mle_epsilon_matching_transfer_std": 0.07301430451919677,
      "mle_n_violations_transfer_mean": 1.65,
      "mle_n_violations_transfer_std": 1.0952145677879517,
      "itl_normalized_value_transfer_mean": 0.8064647967461431,
      "itl_normalized_value_transfer_std": 0.05504829613280614,
      "itl_best_matching_transfer_mean": 0.2886666666666666,
      "itl_best_matching_transfer_std": 0.12465170330985109,
      "itl_epsilon_matching_transfer_mean": 0.8946666666666667,
      "itl_epsilon_matching_transfer_std": 0.07708493719325159,
      "itl_n_violations_transfer_mean": 1.58,
      "itl_n_violations_transfer_std": 1.1562740578987738,
      "ps_normalized_value_transfer_mean": 0.79362268297788,
      "ps_normalized_value_transfer_std": 0.051724747308880825,
      "ps_best_matching_transfer_mean": 0.26066666666666666,
      "ps_best_matching_transfer_std": 0.12063989508996442,
      "ps_epsilon_matching_transfer_mean": 0.89,
      "ps_epsilon_matching_transfer_std": 0.07301430451919677,
      "ps_n_violations_transfer_mean": 1.65,
      "ps_n_violations_transfer_std": 1.0952145677879517,
      "mce_normalized_value_transfer_mean": 0.79362268297788,
      "mce_normalized_value_transfer_std": 0.051724747308880825,
      "mce_best_matching_transfer_mean": 0.26066666666666666,
      "mce_best_matching_transfer_std": 0.12063989508996442,
      "mce_epsilon_matching_transfer_mean": 0.89,
      "mce_epsilon_matching_transfer_std": 0.07301430451919677,
      "mce_n_violations_transfer_mean": 1.65,
      "mce_n_violations_transfer_std": 1.0952145677879517,
      "bitl_normalized_value_transfer_mean": 0.7960525673957547,
      "bitl_normalized_value_transfer_std": 0.057854878335244955,
      "bitl_best_matching_transfer_mean": 0.252,
      "bitl_best_matching_transfer_std": 0.10951582044183505,
      "bitl_epsilon_matching_transfer_mean": 0.9060000000000001,
      "bitl_epsilon_matching_transfer_std": 0.0781922578053342,
      "bitl_n_violations_transfer_mean": 1.41,
      "bitl_n_violations_transfer_std": 1.1728838670800132
    },
    {
      "coverage": 0.6,
      "mle_normalized_value_transfer_mean": 0.8066799776855084,
      "mle_normalized_value_transfer_std": 0.05017447709533442,
      "mle_best_matching_transfer_mean": 0.2593333333333333,
      "mle_best_matching_transfer_std": 0.12130787463694921,
      "mle_epsilon_matching_transfer_mean": 0.9066666666666667,
      "mle_epsilon_matching_transfer_std": 0.07871014035869962,
      "mle_n_violations_transfer_mean": 1.4,
      "mle_n_violations_transfer_std": 1.1806521053804946,
      "itl_normalized_value_transfer_mean": 0.8206185884637389,
      "itl_normalized_value_transfer_std": 0.04927973481858027,
      "itl_best_matching_transfer_mean": 0.3,
      "itl_best_matching_transfer_std": 0.13009536345108638,
      "itl_epsilon_matching_transfer_mean": 0.9206666666666665,
      "itl_epsilon_matching_transfer_std": 0.0661223570776136,
      "itl_n_violations_transfer_mean": 1.19,
      "itl_n_violations_transfer_std": 0.9918353561642042,
      "ps_normalized_value_transfer_mean": 0.8066799776855084,
      "ps_normalized_value_transfer_std": 0.05017447709533442,
      "ps_best_matching_transfer_mean": 0.2593333333333333,
      "ps_best_matching_transfer_std": 0.12130787463694921,
      "ps_epsilon_matching_transfer_mean": 0.9066666666666667,
      "ps_epsilon_matching_transfer_std": 0.07871014035869962,
      "ps_n_violations_transfer_mean": 1.4,
      "ps_n_violations_transfer_std": 1.1806521053804946,
      "mce_normalized_value_transfer_mean": 0.8066799776855084,
      "mce_normalized_value_transfer_std": 0.05017447709533442,
      "mce_best_matching_transfer_mean": 0.2593333333333333,
      "mce_best_matching_transfer_std": 0.12130787463694921,
      "mce_epsilon_matching_transfer_mean": 0.9066666666666667,
      "mce_epsilon_matching_transfer_std": 0.07871014035869962,
      "mce_n_violations_transfer_mean": 1.4,
      "mce_n_violations_transfer_std": 1.1806521053804946,
      "bitl_normalized_value_transfer_mean": 0.8214795938832163,
      "bitl_normalized_value_transfer_std": 0.0511127599567669,
      "bitl_best_matching_transfer_mean": 0.292,
      "bitl_best_matching_transfer_std": 0.12200347734736287,
      "bitl_epsilon_matching_transfer_mean": 0.936,
      "bitl_epsilon_matching_transfer_std": 0.0714888954826471,
      "bitl_n_violations_transfer_mean": 0.96,
      "bitl_n_violations_transfer_std": 1.072333432239707
    },
    {
      "coverage": 0.8,
      "mle_normalized_value_transfer_mean": 0.8213086787112642,
      "mle_normalized_value_transfer_std": 0.05551852310339408,
      "mle_best_matching_transfer_mean": 0.27799999999999997,
      "mle_best_matching_transfer_std": 0.12429103097807868,
      "mle_epsilon_matching_transfer_mean": 0.9280000000000002,
      "mle_epsilon_matching_transfer_std": 0.07561494991702357,
      "mle_n_violations_transfer_mean": 1.08,
      "mle_n_violations_transfer_std": 1.1342242487553538,