{
  "config": {
    "gamma": 0.95,
    "delta": 0.001,
    "epsilon": 5.0,
    "stochastic_fraction": 0.0,
    "K": 5,
    "n_worlds": 20,
    "n_datasets_per_world": 5,
    "coverages": [
      0.2,
      0.4,
      0.6,
      0.8,
      1.0
    ]
  },
  "rows": [
    {
      "coverage": 0.2,
      "mle_normalized_value_mean": 0.7958183763875987,
      "mle_normalized_value_std": 0.04821518121821293,
      "mle_best_matching_mean": 0.33533333333333337,
      "mle_best_matching_std": 0.09913429995520939,
      "mle_epsilon_matching_mean": 0.8833333333333332,
      "mle_epsilon_matching_std": 0.07949052135575445,
      "mle_total_variation_mean": 50.608652426896114,
      "mle_total_variation_std": 0.25677639716048534,
      "mle_n_violations_mean": 1.75,
      "mle_n_violations_std": 1.1923578203363165,
      "mle_mse_mean": 0.19490714133287124,
      "mle_mse_std": 0.0060264010856774484,
      "itl_normalized_value_mean": 0.8024965266778082,
      "itl_normalized_value_std": 0.04608847703149562,
      "itl_best_matching_mean": 0.36200000000000004,
      "itl_best_matching_std": 0.08328550816203985,
      "itl_epsilon_matching_mean": 0.8859999999999999,
      "itl_epsilon_matching_std": 0.07944532739496626,
      "itl_total_variation_mean": 50.70903636973169,
      "itl_total_variation_std": 0.5302307752652903,
      "itl_n_violations_mean": 1.71,
      "itl_n_violations_std": 1.191679910924494,
      "itl_mse_mean": 0.20514076530194253,
      "itl_mse_std": 0.016401542279970538,
      "ps_normalized_value_mean": 0.7958183763875987,
      "ps_normalized_value_std": 0.04821518121821293,
      "ps_best_matching_mean": 0.33533333333333337,
      "ps_best_matching_std": 0.09913429995520939,
      "ps_epsilon_matching_mean": 0.8833333333333332,
      "ps_epsilon_matching_std": 0.07949052135575445,
      "ps_total_variation_mean": 50.608652426896114,
      "ps_total_variation_std": 0.25677639716048534,
      "ps_n_violations_mean": 1.75,
      "ps_n_violations_std": 1.1923578203363165,
      "ps_mse_mean": 0.19490714133287124,
      "ps_mse_std": 0.0060264010856774484,
      "mce_normalized_value_mean": 0.7958183763875987,
      "mce_normalized_value_std": 0.04821518121821293,
      "mce_best_matching_mean": 0.33533333333333337,
      "mce_best_matching_std": 0.09913429995520939,
      "mce_epsilon_matching_mean": 0.8833333333333332,
      "mce_epsilon_matching_std": 0.07949052135575445,
      "mce_total_variation_mean": 50.608652426896114,
      "mce_total_variation_std": 0.25677639716048534,
      "mce_n_violations_mean": 1.75,
      "mce_n_violations_std": 1.1923578203363165,
      "mce_mse_mean": 0.19490714133287124,
      "mce_mse_std": 0.0060264010856774484,
      "bitl_normalized_value_mean": 0.8121622053956088,
      "bitl_normalized_value_std": 0.05771941991958255,
      "bitl_best_matching_mean": 0.37,
      "bitl_best_matching_std": 0.09864400504156211,
      "bitl_epsilon_matching_mean": 0.9026666666666665,
      "bitl_epsilon_matching_std": 0.07664104388108853,
      "bitl_total_variation_mean": 59.04459088348742,
      "bitl_total_variation_std": 1.2356663505448051,
      "bitl_n_violations_mean": 1.46,
      "bitl_n_violations_std": 1.1496156582163282,
      "bitl_mse_mean": 0.5009190116043049,
      "bitl_mse_std": 0.032429274448017145
    },
    {
      "coverage": 0.4,
      "mle_normalized_value_mean": 0.8447160796774518,
      "mle_normalized_value_std": 0.04789052347611844,
      "mle_best_matching_mean": 0.462,
      "mle_best_matching_std": 0.10216731067955494,
      "mle_epsilon_matching_mean": 0.9126666666666666,
      "mle_epsilon_matching_std": 0.068128748519694,
      "mle_total_variation_mean": 49.504040026565264,
      "mle_total_variation_std": 0.3295904940957733,
      "mle_n_violations_mean": 1.31,
      "mle_n_violations_std": 1.0219312277954102,
      "mle_mse_mean": 0.1921082775438872,
      "mle_mse_std": 0.006372800103159962,
      "itl_normalized_value_mean": 0.8563828430715118,
      "itl_normalized_value_std": 0.04282038721357577,
      "itl_best_matching_mean": 0.5259999999999999,
      "itl_best_matching_std": 0.06956333257584225,
      "itl_epsilon_matching_mean": 0.9146666666666665,
      "itl_epsilon_matching_std": 0.06838197332699805,
      "itl_total_variation_mean": 49.73693793318814,
      "itl_total_variation_std": 0.6787568596292662,
      "itl_n_violations_mean": 1.28,
      "itl_n_violations_std": 1.0257295999049711,
      "itl_mse_mean": 0.2141232957715314,
      "itl_mse_std": 0.02379963166251358,
      "ps_normalized_value_mean": 0.8447160796774518,
      "ps_normalized_value_std": 0.04789052347611844,
      "ps_best_matching_mean": 0.462,
      "ps_best_matching_std": 0.10216731067955494,
      "ps_epsilon_matching_mean": 0.9126666666666666,
      "ps_epsilon_matching_std": 0.068128748519694,
      "ps_total_variation_mean": 49.504040026565264,
      "ps_total_variation_std": 0.3295904940957733,
      "ps_n_violations_mean": 1.31,
      "ps_n_violations_std": 1.0219312277954102,
      "ps_mse_mean": 0.1921082775438872,
      "ps_mse_std": 0.006372800103159962,
      "mce_normalized_value_mean": 0.8447160796774518,
      "mce_normalized_value_std": 0.04789052347611844,
      "mce_best_matching_mean": 0.462,
      "mce_best_matching_std": 0.10216731067955494,
      "mce_epsilon_matching_mean": 0.9126666666666666,
      "mce_epsilon_matching_std": 0.068128748519694,
      "mce_total_variation_mean": 49.504040026565264,
      "mce_total_variation_std": 0.3295904940957733,
      "mce_n_violations_mean": 1.31,
      "mce_n_violations_std": 1.0219312277954102,
      "mce_mse_mean": 0.1921082775438872,
      "mce_mse_std": 0.006372800103159962,
      "bitl_normalized_value_mean": 0.8539626011555012,
      "bitl_normalized_value_std": 0.048988437014273294,
      "bitl_best_matching_mean": 0.516,
      "bitl_best_matching_std": 0.07066781016799227,
      "bitl_epsilon_matching_mean": 0.9166666666666667,
      "bitl_epsilon_matching_std": 0.07362659452178555,
      "bitl_total_variation_mean": 57.01294945276054,
      "bitl_total_variation_std": 1.7009391230667827,
      "bitl_n_violations_mean": 1.25,
      "bitl_n_violations_std": 1.1043989178267832,
      "bitl_mse_mean": 0.4612857524803633,
      "bitl_mse_std": 0.05364904107647994
    },
    {
      "coverage": 0.6,
      "mle_normalized_value_mean": 0.8879187836957071,
      "mle_normalized_value_std": 0.04996081283686328,
      "mle_best_matching_mean": 0.594,
      "mle_best_matching_std": 0.11800625827532903,
      "mle_epsilon_matching_mean": 0.9460000000000001,
      "mle_epsilon_matching_std": 0.05739969536555363,
      "mle_total_variation_mean": 48.4155314997435,
      "mle_total_variation_std": 0.419573736410544,
      "mle_n_violations_mean": 0.81,
      "mle_n_violations_std": 0.8609954304833048,
      "mle_mse_mean": 0.1894706386499357,
      "mle_mse_std": 0.00655236262587762,
      "itl_normalized_value_mean": 0.9046892829109736,
      "itl_normalized_value_std": 0.043091726528529196,
      "itl_best_matching_mean": 0.6866666666666665,
      "itl_best_matching_std": 0.07668789048930227,
      "itl_epsilon_matching_mean": 0.95,
      "itl_epsilon_matching_std": 0.05474151072662313,
      "itl_total_variation_mean": 48.84092882891008,
      "itl_total_variation_std": 1.032060405976844,
      "itl_n_violations_mean": 0.75,
      "itl_n_violations_std": 0.8211226608993472,
      "itl_mse_mean": 0.22349995078304175,
      "itl_mse_std": 0.03345294666933388,
      "ps_normalized_value_mean": 0.8879187836957071,
      "ps_normalized_value_std": 0.04996081283686328,
      "ps_best_matching_mean": 0.594,
      "ps_best_matching_std": 0.11800625827532903,
      "ps_epsilon_matching_mean": 0.9460000000000001,
      "ps_epsilon_matching_std": 0.05739969536555363,
      "ps_total_variation_mean": 48.4155314997435,
      "ps_total_variation_std": 0.419573736410544,
      "ps_n_violations_mean": 0.81,
      "ps_n_violations_std": 0.8609954304833048,