{
  "config": {
    "grid_size": 5,
    "gamma": 0.95,
    "slip": 0.2,
    "epsilon": 5.0,
    "K": 10,
    "delta": 0.001,
    "stochastic_fraction": 0.4,
    "lambda_l1": 0.1,
    "n_seeds": 20,
    "anchor": [
      20,
      0,
      10.0
    ],
    "goal_A": 4,
    "goal_B": 20
  },
  "summary": {
    "mle_true": {
      "mean": 0.5980000000000001,
      "std": 0.051341990611973747
    },
    "mle_triv": {
      "mean": 0.44000000000000006,
      "std": 0.05366563145999495
    },
    "itl_true": {
      "mean": 0.8480000000000002,
      "std": 0.055999999999999994
    },
    "itl_triv": {
      "mean": 0.8160000000000001,
      "std": 0.054258639865002144
    },
    "itl_irl": {
      "mean": 0.8100000000000002,
      "std": 0.057792733107199554
    }
  },
  "per_method": {
    "mle_true": [
      0.68,
      0.6,
      0.6,
      0.56,
      0.6,
      0.68,
      0.6,
      0.64,
      0.6,
      0.6,
      0.52,
      0.56,
      0.52,
      0.64,
      0.64,
      0.48,
      0.64,
      0.56,
      0.64,
      0.6
    ],
    "mle_triv": [
      0.52,
      0.44,
      0.44,
      0.4,
      0.44,
      0.52,
      0.4,
      0.48,
      0.4,
      0.52,
      0.44,
      0.4,
      0.4,
      0.52,
      0.44,
      0.32,
      0.48,
      0.36,
      0.44,
      0.44
    ],
    "itl_true": [
      0.88,
      0.84,
      0.88,
      0.88,
      0.76,
      0.96,
      0.8,
      0.92,
      0.84,
      0.8,
      0.84,
      0.84,
      0.84,
      0.92,
      0.8,
      0.76,
      0.88,
      0.84,
      0.92,
      0.76
    ],
    "itl_triv": [
      0.92,
      0.84,
      0.88,
      0.8,
      0.8,
      0.8,
      0.8,
      0.92,
      0.76,
      0.88,
      0.8,
      0.8,
      0.8,
      0.84,
      0.76,
      0.72,
      0.84,
      0.72,
      0.84,
      0.8
    ],
    "itl_irl": [
      0.88,
      0.84,
      0.84,
      0.76,
      0.8,
      0.84,
      0.76,
      0.92,
      0.8,
      0.88,
      0.8,
      0.8,
      0.76,
      0.84,
      0.84,
      0.72,
      0.88,
      0.68,
      0.8,
      0.76
    ]
  }
}